dropped_ocid,kept_ocid,buyer_id,tender_title,date_published
ocds-dgv273-seacev3-1251581,ocds-dgv273-seacev3-1224932,PE-CONSUCODE-48,CP CON-SM-3-2025-GRP-GGR-C-CP-1,2026-06-12T16:20:00-05:00
ocds-dgv273-seacev3-1238201,ocds-dgv273-seacev3-1230570,PE-CONSUCODE-399,LP-ABR-22-2026-MDCC-1,2026-06-03T16:59:00-05:00
ocds-dgv273-seacev3-1221932,ocds-dgv273-seacev3-1230570,PE-CONSUCODE-399,LP-ABR-22-2026-MDCC-1,2026-06-03T16:59:00-05:00
ocds-dgv273-seacev3-1249901,ocds-dgv273-seacev3-1227943,PE-CONSUCODE-10249,CP-ABR-4-2026-ALAR5/FAP-2,2026-06-23T11:57:00-05:00
ocds-dgv273-seacev3-1249294,ocds-dgv273-seacev3-1228041,PE-CONSUCODE-820,LP-ABR-8-2026-C-MDQ/LC-1,2026-06-23T17:03:00-05:00
ocds-dgv273-seacev3-1223800,ocds-dgv273-seacev3-1238297,PE-CONSUCODE-43,CP-ABR-15-2026-GR.LAMB/CS-1,2026-06-09T20:10:00-05:00
ocds-dgv273-seacev3-1249372,ocds-dgv273-seacev3-2026-8-5,PE-CONSUCODE-8,CP SER-SM-7-2026-C.G.R.-1,2026-06-26T16:42:00-05:00
ocds-dgv273-seacev3-1236228,ocds-dgv273-seacev3-1224055,PE-CONSUCODE-200261,LP-ABR-4-2026-AGRORUR-UZMDD-1,2026-06-10T16:24:00-05:00
ocds-dgv273-seacev3-1235059,ocds-dgv273-seacev3-1224055,PE-CONSUCODE-200261,LP-ABR-4-2026-AGRORUR-UZMDD-1,2026-06-10T16:24:00-05:00
ocds-dgv273-seacev3-1223982,ocds-dgv273-seacev3-1240669,PE-CONSUCODE-526,CP CON-SM-1-2026-MDA/CS-1,2026-06-23T20:25:00-05:00
ocds-dgv273-seacev3-1226013,ocds-dgv273-seacev3-1249896,PE-CONSUCODE-1119,LP-ABR-4-2026-MDA/CS-1,2026-06-01T18:08:00-05:00
ocds-dgv273-seacev3-1241506,ocds-dgv273-seacev3-1249896,PE-CONSUCODE-1119,LP-ABR-4-2026-MDA/CS-1,2026-06-01T18:08:00-05:00
ocds-dgv273-seacev3-1221026,ocds-dgv273-seacev3-1249896,PE-CONSUCODE-1119,LP-ABR-4-2026-MDA/CS-1,2026-06-01T18:08:00-05:00
ocds-dgv273-seacev3-1224825,ocds-dgv273-seacev3-1232388,PE-CONSUCODE-622,LP-SM-1-2026-MDM/CS-1,2026-06-15T23:37:00-05:00
ocds-dgv273-seacev3-2026-10431-4,ocds-dgv273-seacev3-1251810,PE-CONSUCODE-10431,CP CON-SM-4-2026-GSRCHOTA-1,2026-06-19T16:32:00-05:00
ocds-dgv273-seacev3-2026-200022-15,ocds-dgv273-seacev3-1249166,PE-CONSUCODE-200022,CP-ABR-12-2026-VIVIENDA-OGA-UE-1,2026-06-11T18:19:00-05:00
ocds-dgv273-seacev3-1249691,ocds-dgv273-seacev3-1225428,PE-CONSUCODE-40,LP-SM-3-2026-GRH/CO-1,2026-06-15T20:24:00-05:00
ocds-dgv273-seacev3-2026-32-1,ocds-dgv273-seacev3-1251483,PE-CONSUCODE-32,LP-SM-2-2026-GRA/C-1,2026-06-15T18:04:00-05:00
ocds-dgv273-seacev3-1227152,ocds-dgv273-seacev3-1233736,PE-CONSUCODE-1025,LP-ABR-8-2025-C-MPI-3,2026-06-19T13:02:00-05:00
ocds-dgv273-seacev3-1225858,ocds-dgv273-seacev3-1243348,PE-CONSUCODE-200425,CP-ABR-2-2026-UGEL PI/CS-1,2026-06-17T23:20:00-05:00
ocds-dgv273-seacev3-1229009,ocds-dgv273-seacev3-1237897,PE-CONSUCODE-49,LP-ABR-273-2026-CS/GR-PUNO-2,2026-06-26T18:30:00-05:00
ocds-dgv273-seacev3-1235706,ocds-dgv273-seacev3-1227984,PE-CONSUCODE-2384,LP-SM-5-2026-SEDAPAR-1,2026-06-23T14:57:00-05:00
ocds-dgv273-seacev3-1251151,ocds-dgv273-seacev3-1226188,PE-CONSUCODE-1157,LP-ABR-7-2026-MDLL/C-1,2026-06-17T19:23:00-05:00
ocds-dgv273-seacev3-1229873,ocds-dgv273-seacev3-1246801,PE-CONSUCODE-1057,LP-ABR-1-2026-CS/MDRG-1,2026-06-30T22:25:00-05:00
ocds-dgv273-seacev3-1250346,ocds-dgv273-seacev3-1228094,PE-CONSUCODE-1979,LP-ABR-5-2026-INS-1,2026-06-23T17:05:00-05:00
ocds-dgv273-seacev3-1228145,ocds-dgv273-seacev3-1250498,PE-CONSUCODE-1585,LP-ABR-10-2026-MDC-C-1,2026-06-23T19:36:00-05:00
ocds-dgv273-seacev3-1242103,ocds-dgv273-seacev3-1250498,PE-CONSUCODE-1585,LP-ABR-10-2026-MDC-C-1,2026-06-23T19:36:00-05:00
ocds-dgv273-seacev3-1227891,ocds-dgv273-seacev3-1235097,PE-CONSUCODE-1209,LP-SM-3-2026-MPSC-1,2026-06-23T11:50:00-05:00
ocds-dgv273-seacev3-1250529,ocds-dgv273-seacev3-1220159,PE-CONSUCODE-326,LP-SM-2-2026-MPA-1,2026-06-01T17:50:00-05:00
ocds-dgv273-seacev3-1227011,ocds-dgv273-seacev3-1227038,PE-CONSUCODE-20005,AS-SM-7-2025-GRC-CS-2,2026-06-19T09:33:00-05:00
ocds-dgv273-seacev3-2026-1859-8,ocds-dgv273-seacev3-1242847,PE-CONSUCODE-1859,LP-ABR-7-2026-MPT-CS-1,2026-06-11T10:26:00-05:00
ocds-dgv273-seacev3-1251010,ocds-dgv273-seacev3-1222087,PE-CONSUCODE-1307,LP-SM-4-2026-MML-OGA-OL-1,2026-06-03T17:23:00-05:00
ocds-dgv273-seacev3-1241707,ocds-dgv273-seacev3-1228820,PE-CONSUCODE-201225,CP-ABR-2-2026-IN/OGIN-1,2026-06-25T19:01:00-05:00
ocds-dgv273-seacev3-1227931,ocds-dgv273-seacev3-1245267,PE-CONSUCODE-49,LP-ABR-154-2026-GR PUNO/OC-1,2026-06-23T11:40:00-05:00
ocds-dgv273-seacev3-1227017,ocds-dgv273-seacev3-1246536,PE-CONSUCODE-470,LP-ABR-1-2026-MDL-1,2026-06-24T19:35:00-05:00
ocds-dgv273-seacev3-1223985,ocds-dgv273-seacev3-1241474,PE-CONSUCODE-1555,LP-ABR-11-2026-DEC-1,2026-06-10T20:36:00-05:00
ocds-dgv273-seacev3-1237989,ocds-dgv273-seacev3-1245712,PE-CONSUCODE-1658,LP-ABR-4-2026-MDP-L/CS-1,2026-06-08T23:04:00-05:00
ocds-dgv273-seacev3-1222402,ocds-dgv273-seacev3-1245712,PE-CONSUCODE-1658,LP-ABR-4-2026-MDP-L/CS-1,2026-06-08T23:04:00-05:00
ocds-dgv273-seacev3-1225891,ocds-dgv273-seacev3-1247151,PE-CONSUCODE-614,LP-ABR-3-2026-MPC-1,2026-06-16T16:53:00-05:00
ocds-dgv273-seacev3-1227336,ocds-dgv273-seacev3-1227312,PE-CONSUCODE-2543,LP-SM-2-2026-ESSALUD-INCOR-1,2026-06-19T19:16:00-05:00
ocds-dgv273-seacev3-2026-1992-11,ocds-dgv273-seacev3-1229464,PE-CONSUCODE-1992,CP-ABR-6-2025-DINI-2,2026-06-18T20:49:00-05:00
ocds-dgv273-seacev3-1250996,ocds-dgv273-seacev3-1221645,PE-CONSUCODE-966,CP-ABR-2-2026-MDSR/C-1,2026-06-02T23:51:00-05:00
ocds-dgv273-seacev3-1223865,ocds-dgv273-seacev3-1237756,PE-CONSUCODE-233,LP-ABR-2-2026-MDPL/CS-1,2026-06-09T22:07:00-05:00
ocds-dgv273-seacev3-1228934,ocds-dgv273-seacev3-1239483,PE-CONSUCODE-41,CP-ABR-137-2025-GRJ-2,2026-06-30T23:46:00-05:00
ocds-dgv273-seacev3-2026-200363-52,ocds-dgv273-seacev3-1242804,PE-CONSUCODE-200363,LP-SM-3-2026-CENARES/MINSA-1,2026-06-10T17:42:00-05:00
ocds-dgv273-seacev3-1222719,ocds-dgv273-seacev3-1227906,PE-CONSUCODE-2319,LP-SM-1-2026-MDP/C-1,2026-06-05T20:41:00-05:00
ocds-dgv273-seacev3-1222104,ocds-dgv273-seacev3-1225664,PE-CONSUCODE-482,CP-ABR-2-2026-MDC-1,2026-06-04T14:51:00-05:00
ocds-dgv273-seacev3-1221605,ocds-dgv273-seacev3-1245883,PE-CONSUCODE-49,LP-ABR-116-2026-GR PUNO/OC-1,2026-06-02T20:21:00-05:00
ocds-dgv273-seacev3-1244863,ocds-dgv273-seacev3-1229556,PE-CONSUCODE-297,LP-ABR-5-2026-MP-CFF/CS-1-1,2026-06-30T22:36:00-05:00
ocds-dgv273-seacev3-1222615,ocds-dgv273-seacev3-1238205,PE-CONSUCODE-820,LP-ABR-7-2026-C-MDQ/LC-1,2026-06-04T20:48:00-05:00
ocds-dgv273-seacev3-1248353,ocds-dgv273-seacev3-1221861,PE-CONSUCODE-10446,LP-SM-2-2026-PLANCOPESCO/GRC-1,2026-06-03T17:30:00-05:00
ocds-dgv273-seacev3-1230257,ocds-dgv273-seacev3-1247649,PE-CONSUCODE-1841,LP-ABR-3-2026-MDCN-T-1,2026-06-17T20:47:00-05:00
ocds-dgv273-seacev3-1226384,ocds-dgv273-seacev3-1247649,PE-CONSUCODE-1841,LP-ABR-3-2026-MDCN-T-1,2026-06-17T20:47:00-05:00
ocds-dgv273-seacev3-1233570,ocds-dgv273-seacev3-1234785,PE-CONSUCODE-1602,LP-ABR-4-2026-MDS-1,2026-06-15T20:42:00-05:00
ocds-dgv273-seacev3-1225359,ocds-dgv273-seacev3-1234785,PE-CONSUCODE-1602,LP-ABR-4-2026-MDS-1,2026-06-15T20:42:00-05:00
ocds-dgv273-seacev3-1247631,ocds-dgv273-seacev3-1224892,PE-CONSUCODE-10502,CP CON-SM-1-2026-GERESA/LL-1,2026-06-16T19:33:00-05:00
ocds-dgv273-seacev3-1229599,ocds-dgv273-seacev3-1236882,PE-CONSUCODE-960,LP-SM-1-2026-MPA/C-1,2026-06-30T23:55:00-05:00
ocds-dgv273-seacev3-1228703,ocds-dgv273-seacev3-1238174,PE-CONSUCODE-1923,LP-SM-2-2026-SUNASS-1,2026-06-25T17:48:00-05:00
ocds-dgv273-seacev3-1226870,ocds-dgv273-seacev3-1228409,PE-CONSUCODE-1536,CP-ABR-7-2026-OC-MPMN-1,2026-06-18T17:10:00-05:00
ocds-dgv273-seacev3-1222346,ocds-dgv273-seacev3-1231123,PE-CONSUCODE-2365,LP-SM-1-2026-EPS ILO S.A.-1,2026-06-04T17:19:00-05:00
ocds-dgv273-seacev3-1224471,ocds-dgv273-seacev3-1224478,PE-CONSUCODE-1592,CP-ABR-1-2026-MDT-COMITE-2,2026-06-11T15:19:00-05:00
ocds-dgv273-seacev3-1240626,ocds-dgv273-seacev3-2026-200195-66,PE-CONSUCODE-200195,CP-ABR-9-2026-ELECTRONORTE S.A.-1,2026-06-15T21:38:00-05:00
ocds-dgv273-seacev3-1248345,ocds-dgv273-seacev3-1228515,PE-CONSUCODE-1584,CP-ABR-15-2026-OC/MPP-1,2026-06-25T10:44:00-05:00
ocds-dgv273-seacev3-1240003,ocds-dgv273-seacev3-1227350,PE-CONSUCODE-1709,LP-ABR-2-2026-MDP/OC-1,2026-06-19T20:15:00-05:00
ocds-dgv273-seacev3-1248126,ocds-dgv273-seacev3-1225958,PE-CONSUCODE-2005,LP-ABR-2-2026-SAT-1,2026-06-16T18:03:00-05:00
ocds-dgv273-seacev3-1224676,ocds-dgv273-seacev3-1225133,PE-CONSUCODE-1947,CP-ABR-10-2026-PROMPERU-1,2026-06-11T21:00:00-05:00
ocds-dgv273-seacev3-2026-200191-37,ocds-dgv273-seacev3-1250103,PE-CONSUCODE-200191,CP SER-SM-16-2026-HDNA-1,2026-06-09T09:27:00-05:00
ocds-dgv273-seacev3-1246557,ocds-dgv273-seacev3-1223446,PE-CONSUCODE-204448,LP-ABR-2-2026--ATU-1,2026-06-08T23:56:00-05:00
ocds-dgv273-seacev3-1245462,ocds-dgv273-seacev3-1221879,PE-CONSUCODE-200242,LP-ABR-1-2026-IREN NORTE/CS-1,2026-06-03T12:38:00-05:00
ocds-dgv273-seacev3-1225647,ocds-dgv273-seacev3-1236361,PE-CONSUCODE-598,LP-ABR-1-2026-MDO/CS-1,2026-06-17T18:38:00-05:00
ocds-dgv273-seacev3-1223060,ocds-dgv273-seacev3-1245293,PE-CONSUCODE-203306,CP SER-SM-3-2026-MDM/DEC-1,2026-06-05T22:12:00-05:00
ocds-dgv273-seacev3-1229159,ocds-dgv273-seacev3-1234483,PE-CONSUCODE-201525,LP-SM-2-2026-SUNEDU-1,2026-06-26T12:43:00-05:00
ocds-dgv273-seacev3-1246871,ocds-dgv273-seacev3-2026-2005-32,PE-CONSUCODE-2005,CP SER-SM-7-2026-SAT-1,2026-06-11T18:34:00-05:00
ocds-dgv273-seacev3-1227416,ocds-dgv273-seacev3-1241032,PE-CONSUCODE-2378,CP-ABR-6-2026-EPSEL S.A.-1,2026-06-22T12:41:00-05:00
ocds-dgv273-seacev3-1227215,ocds-dgv273-seacev3-1240801,PE-CONSUCODE-1470,LP-ABR-3-2026-MDP/CS-1,2026-06-26T17:42:00-05:00
ocds-dgv273-seacev3-1227533,ocds-dgv273-seacev3-1230560,PE-CONSUCODE-1583,LP-ABR-3-2026-CS-MDP-I-1,2026-06-22T16:38:00-05:00
ocds-dgv273-seacev3-1225385,ocds-dgv273-seacev3-1231108,PE-CONSUCODE-645,LP-SM-1-2026-MDCH/CS-1,2026-06-15T16:23:00-05:00
ocds-dgv273-seacev3-1226185,ocds-dgv273-seacev3-1236368,PE-CONSUCODE-598,LP-ABR-2-2026-MDO/CS-1,2026-06-17T18:38:00-05:00
ocds-dgv273-seacev3-1242565,ocds-dgv273-seacev3-1229922,PE-CONSUCODE-10248,CP-ABR-51-2026-MGP/DIRCOMAR-1,2026-06-30T22:07:00-05:00
ocds-dgv273-seacev3-1235809,ocds-dgv273-seacev3-1227837,PE-CONSUCODE-710,LP-ABR-2-2026-MDLL/CS-2-1,2026-06-23T10:07:00-05:00
ocds-dgv273-seacev3-1239467,ocds-dgv273-seacev3-1222439,PE-CONSUCODE-189,CP-ABR-2-2026-MPC/CS-2,2026-06-05T14:46:00-05:00
ocds-dgv273-seacev3-2026-200195-16,ocds-dgv273-seacev3-1245394,PE-CONSUCODE-200195,CP SER-SM-4-2026-ELECTRONORTE S.A.-1,2026-06-10T18:25:00-05:00
ocds-dgv273-seacev3-1248136,ocds-dgv273-seacev3-1228527,PE-CONSUCODE-10560,LP-ABR-3-2026-HAS-C-LP-1,2026-06-24T18:19:00-05:00
ocds-dgv273-seacev3-1236311,ocds-dgv273-seacev3-1225659,PE-CONSUCODE-204386,LP-ABR-1-2026-UE SALUD CAJAMARCA-1,2026-06-16T11:18:00-05:00
ocds-dgv273-seacev3-1227879,ocds-dgv273-seacev3-1234737,PE-CONSUCODE-35,CP-ABR-46-2026-GRA-SEDECENTRAL-1,2026-06-24T18:08:00-05:00
ocds-dgv273-seacev3-1250010,ocds-dgv273-seacev3-1225610,PE-CONSUCODE-10006,CP-ABR-3-2026-HHHO.SBS-2,2026-06-15T22:05:00-05:00
ocds-dgv273-seacev3-1242608,ocds-dgv273-seacev3-1227309,PE-CONSUCODE-369,LP-ABR-17-2026-MPCT-1,2026-06-19T20:15:00-05:00
ocds-dgv273-seacev3-1221096,ocds-dgv273-seacev3-1243882,PE-CONSUCODE-10558,LP-SM-1-2026-DRSP-DEC-OFICOM-1,2026-06-01T16:36:00-05:00
ocds-dgv273-seacev3-1226568,ocds-dgv273-seacev3-1229489,PE-CONSUCODE-10247,LP-SM-2-2026-EP/UO 0845-1,2026-06-19T02:30:00-05:00
ocds-dgv273-seacev3-1248631,ocds-dgv273-seacev3-2026-200033-9,PE-CONSUCODE-200033,CP CON-SM-1-2026-CS-MDSJB-1,2026-06-11T15:17:00-05:00
ocds-dgv273-seacev3-1247016,ocds-dgv273-seacev3-1229926,PE-CONSUCODE-1926,CP-ABR-37-2026-BCRPLIM-1,2026-06-30T22:11:00-05:00
ocds-dgv273-seacev3-1226144,ocds-dgv273-seacev3-1246723,PE-CONSUCODE-1306,LP-ABR-1-2026-MDT/CS-1,2026-06-17T13:22:00-05:00
ocds-dgv273-seacev3-1226738,ocds-dgv273-seacev3-1241655,PE-CONSUCODE-205651,LP-ABR-1-2026-ANC-PJ-1,2026-06-18T17:08:00-05:00
ocds-dgv273-seacev3-1244698,ocds-dgv273-seacev3-1229652,PE-CONSUCODE-1584,CP-ABR-24-2026-COMITE/MPP-1,2026-06-30T17:01:00-05:00
ocds-dgv273-seacev3-1240659,ocds-dgv273-seacev3-1223774,PE-CONSUCODE-200198,LP-ABR-10-2026-UNAJMA-1,2026-06-09T18:54:00-05:00
ocds-dgv273-seacev3-1249425,ocds-dgv273-seacev3-1223774,PE-CONSUCODE-200198,LP-ABR-10-2026-UNAJMA-1,2026-06-09T18:54:00-05:00
ocds-dgv273-seacev3-1236528,ocds-dgv273-seacev3-1223774,PE-CONSUCODE-200198,LP-ABR-10-2026-UNAJMA-1,2026-06-09T18:54:00-05:00
ocds-dgv273-seacev3-1229089,ocds-dgv273-seacev3-1246110,PE-CONSUCODE-10431,LP-SM-4-2026-GSRCHOTA-1,2026-06-26T14:24:00-05:00
ocds-dgv273-seacev3-1245059,ocds-dgv273-seacev3-1226783,PE-CONSUCODE-624,LP-ABR-3-2026-MDN/CS-1,2026-06-19T14:16:00-05:00
ocds-dgv273-seacev3-1223457,ocds-dgv273-seacev3-1227793,PE-CONSUCODE-1569,LP-ABR-4-2026-MPDAC-YHCA-1,2026-06-10T22:57:00-05:00
ocds-dgv273-seacev3-1247897,ocds-dgv273-seacev3-1226888,PE-CONSUCODE-10189,CP SER-SM-19-2026-MINEDU/UE 026-1,2026-06-18T20:12:00-05:00
ocds-dgv273-seacev3-1240518,ocds-dgv273-seacev3-1226858,PE-CONSUCODE-1176,LP-SM-2-2026-MDM/CS-1,2026-06-19T10:57:00-05:00
ocds-dgv273-seacev3-1227088,ocds-dgv273-seacev3-1227418,PE-CONSUCODE-201143,RES-PROC-11-2026-DPC/ACFFAA-1,2026-06-19T15:41:00-05:00
ocds-dgv273-seacev3-1248709,ocds-dgv273-seacev3-1228326,PE-CONSUCODE-201143,CP SER-SM-2-2026-DPC/ACFFAA-1,2026-06-26T16:33:00-05:00
ocds-dgv273-seacev3-1226814,ocds-dgv273-seacev3-1248263,PE-CONSUCODE-10424,LP-SM-1-2026-HRHD-1,2026-06-18T19:21:00-05:00
ocds-dgv273-seacev3-1221546,ocds-dgv273-seacev3-1244184,PE-CONSUCODE-720,SIE-SIE-1-2026-MPSP/CS-1,2026-06-08T20:05:00-05:00
ocds-dgv273-seacev3-1221985,ocds-dgv273-seacev3-1239229,PE-CONSUCODE-1300,LP-SM-1-2026-MDM/C-1,2026-06-24T20:05:00-05:00
ocds-dgv273-seacev3-1243729,ocds-dgv273-seacev3-1226990,PE-CONSUCODE-1583,LP-ABR-6-2026-CS-MDP-I-1,2026-06-18T22:27:00-05:00
ocds-dgv273-seacev3-1221959,ocds-dgv273-seacev3-1233576,PE-CONSUCODE-1203,LP-SM-1-2026-MPB/CS-1,2026-06-24T19:47:00-05:00
ocds-dgv273-seacev3-2026-307-4,ocds-dgv273-seacev3-1243296,PE-CONSUCODE-307,CP-ABR-2-2026-MPO/CS-3,2026-06-12T21:13:00-05:00
ocds-dgv273-seacev3-1246577,ocds-dgv273-seacev3-2026-2426-25,PE-CONSUCODE-2426,CP SER-SM-5-2026-ENAPU-CALLAO.-1-1,2026-06-05T17:22:00-05:00
ocds-dgv273-seacev3-2026-10143-15,ocds-dgv273-seacev3-1242834,PE-CONSUCODE-10143,LP-ABR-2-2026-DIRECFIN-PNP-1,2026-06-30T17:15:00-05:00
ocds-dgv273-seacev3-1226937,ocds-dgv273-seacev3-1230810,PE-CONSUCODE-162,LP-ABR-18-2026-MDI/CS-1,2026-06-18T20:36:00-05:00
ocds-dgv273-seacev3-1238056,ocds-dgv273-seacev3-1221492,PE-CONSUCODE-36,LP-ABR-2-2026-GR.CAJ-2,2026-06-02T15:26:00-05:00
ocds-dgv273-seacev3-1226896,ocds-dgv273-seacev3-1243483,PE-CONSUCODE-37,COMPRE-COMPRE-40-2026-GR CUSCO-1,2026-06-18T18:06:00-05:00
ocds-dgv273-seacev3-1231404,ocds-dgv273-seacev3-1245539,PE-CONSUCODE-1703,CP-ABR-1-2026-MPL/CS-2,2026-06-02T15:05:00-05:00
ocds-dgv273-seacev3-2026-1703-9,ocds-dgv273-seacev3-1245539,PE-CONSUCODE-1703,CP-ABR-1-2026-MPL/CS-2,2026-06-02T15:05:00-05:00
ocds-dgv273-seacev3-1223403,ocds-dgv273-seacev3-1233592,PE-CONSUCODE-1875,CP-ABR-4-2026-MDCV-CS-1,2026-06-08T22:17:00-05:00
ocds-dgv273-seacev3-1222469,ocds-dgv273-seacev3-1243858,PE-CONSUCODE-1093,LP-ABR-7-2026-CS/MDS-1,2026-06-04T23:44:00-05:00
ocds-dgv273-seacev3-1246161,ocds-dgv273-seacev3-1225135,PE-CONSUCODE-2347,LP-ABR-5-2026-EMAPA-SM-SA/C-1,2026-06-15T20:11:00-05:00
ocds-dgv273-seacev3-1223876,ocds-dgv273-seacev3-1228592,PE-CONSUCODE-1280,LP-SM-2-2026-MDNA/CS-1,2026-06-10T01:13:00-05:00
ocds-dgv273-seacev3-1227069,ocds-dgv273-seacev3-1245249,PE-CONSUCODE-39,LP-ABR-18-2026-GOB.REG.HVCA/C-1,2026-06-19T12:43:00-05:00
ocds-dgv273-seacev3-1225887,ocds-dgv273-seacev3-1238666,PE-CONSUCODE-1632,LP-SM-1-2026-MDM-CS.-1,2026-06-16T19:37:00-05:00
ocds-dgv273-seacev3-1242917,ocds-dgv273-seacev3-1225522,PE-CONSUCODE-10247,LP-ABR-1-2026-EP/UO 0842-1,2026-06-16T12:29:00-05:00
ocds-dgv273-seacev3-1227683,ocds-dgv273-seacev3-1231755,PE-CONSUCODE-1850,CP-ABR-11-2026-CS/MPJB-1,2026-06-22T18:39:00-05:00
ocds-dgv273-seacev3-1223823,ocds-dgv273-seacev3-1224786,PE-CONSUCODE-749,SIE-SIE-35-2026-OC-MPC-1,2026-06-09T22:10:00-05:00
ocds-dgv273-seacev3-1226612,ocds-dgv273-seacev3-1236308,PE-CONSUCODE-1053,CP-ABR-19-2026-COMITE-MDM-1,2026-06-19T16:22:00-05:00
ocds-dgv273-seacev3-1227547,ocds-dgv273-seacev3-1227841,PE-CONSUCODE-1894,INTER-PROC-13-2026-UNT-1,2026-06-22T15:21:00-05:00
ocds-dgv273-seacev3-1224414,ocds-dgv273-seacev3-1235004,PE-CONSUCODE-203066,CP CON-SM-1-2026-UNAT/-1,2026-06-11T15:14:00-05:00
ocds-dgv273-seacev3-1227270,ocds-dgv273-seacev3-1227840,PE-CONSUCODE-1894,INTER-PROC-12-2026-UNT/CS-1,2026-06-19T17:08:00-05:00
ocds-dgv273-seacev3-1247393,ocds-dgv273-seacev3-1228176,PE-CONSUCODE-1337,CP-ABR-3-2026-CE/MSI-1,2026-06-23T20:01:00-05:00
ocds-dgv273-seacev3-1237513,ocds-dgv273-seacev3-2026-200191-63,PE-CONSUCODE-200191,CP-ABR-17-2026-HDNA-1,2026-06-04T16:48:00-05:00
ocds-dgv273-seacev3-1247697,ocds-dgv273-seacev3-2026-2543-619,PE-CONSUCODE-2543,CP SER-SM-3-2026-ESSALUD/RAPI-1,2026-06-05T18:01:00-05:00
ocds-dgv273-seacev3-1242128,ocds-dgv273-seacev3-1215692,PE-CONSUCODE-10247,SIE-SIE-3-2026-EP/UO 0846-1,2026-06-04T23:20:00-05:00
ocds-dgv273-seacev3-1229849,ocds-dgv273-seacev3-1232891,PE-CONSUCODE-2397,LP-ABR-12-2026-SAN GABAN S.A.-1,2026-06-30T19:16:00-05:00
ocds-dgv273-seacev3-1241298,ocds-dgv273-seacev3-1225217,PE-CONSUCODE-1331,LP-ABR-10-2026-CS-MDPP-1,2026-06-15T12:42:00-05:00
ocds-dgv273-seacev3-1229812,ocds-dgv273-seacev3-1237528,PE-CONSUCODE-1300,LP-SM-2-2026-MDM/C-1,2026-06-30T19:55:00-05:00
ocds-dgv273-seacev3-1226411,ocds-dgv273-seacev3-1230874,PE-CONSUCODE-200098,LP-SM-2-2026-HJATCH-1,2026-06-17T21:29:00-05:00
ocds-dgv273-seacev3-1224664,ocds-dgv273-seacev3-1238411,PE-CONSUCODE-270,LP-SM-9-2026-MPS-C-1,2026-06-11T19:02:00-05:00
ocds-dgv273-seacev3-1242248,ocds-dgv273-seacev3-1222082,PE-CONSUCODE-10448,LP-ABR-11-2026-GERAGRI/C-2,2026-06-03T16:38:00-05:00
ocds-dgv273-seacev3-1246607,ocds-dgv273-seacev3-1221130,PE-CONSUCODE-746,LP-SM-1-2026-CS/MDCLR-1,2026-06-02T17:16:00-05:00
ocds-dgv273-seacev3-1220566,ocds-dgv273-seacev3-1224679,PE-CONSUCODE-1246,LP-ABR-2-2026-MDA/CS-1,2026-06-04T11:28:00-05:00
ocds-dgv273-seacev3-1240377,ocds-dgv273-seacev3-1221275,PE-CONSUCODE-37,LP-ABR-60-2026-GR CUSCO-2,2026-06-01T19:25:00-05:00
ocds-dgv273-seacev3-1229642,ocds-dgv273-seacev3-1239928,PE-CONSUCODE-10618,CP-ABR-5-2026-GRU-HRP-C-1,2026-06-22T16:51:00-05:00
ocds-dgv273-seacev3-1227540,ocds-dgv273-seacev3-1239928,PE-CONSUCODE-10618,CP-ABR-5-2026-GRU-HRP-C-1,2026-06-22T16:51:00-05:00
ocds-dgv273-seacev3-1244157,ocds-dgv273-seacev3-1241267,PE-CONSUCODE-200494,CP-ABR-4-2026-IVPSM/CS-2,2026-06-17T20:02:00-05:00
ocds-dgv273-seacev3-1226457,ocds-dgv273-seacev3-1241267,PE-CONSUCODE-200494,CP-ABR-4-2026-IVPSM/CS-2,2026-06-17T20:02:00-05:00
ocds-dgv273-seacev3-1225262,ocds-dgv273-seacev3-1225148,PE-CONSUCODE-200363,LP-SM-7-2026-CENARES/MINSA-1,2026-06-12T22:36:00-05:00
ocds-dgv273-seacev3-1225528,ocds-dgv273-seacev3-1233712,PE-CONSUCODE-10410,LP-SM-2-2026-DIRESA-APU-1,2026-06-16T15:17:00-05:00
ocds-dgv273-seacev3-1222206,ocds-dgv273-seacev3-1237617,PE-CONSUCODE-1307,LP-ABR-14-2026-MML-OGA-OL-1,2026-06-03T19:37:00-05:00
ocds-dgv273-seacev3-1224739,ocds-dgv273-seacev3-1240678,PE-CONSUCODE-1862,LP-ABR-2-2026-MDPH-CS-1,2026-06-17T19:31:00-05:00
ocds-dgv273-seacev3-1222916,ocds-dgv273-seacev3-1237492,PE-CONSUCODE-1526,CP-ABR-18-2026-MPT/OC-1,2026-06-05T17:11:00-05:00
ocds-dgv273-seacev3-1245828,ocds-dgv273-seacev3-1228190,PE-CONSUCODE-200370,LP-ABR-11-2026-GRA/REDHGA-OC-1,2026-06-23T19:40:00-05:00
ocds-dgv273-seacev3-1221928,ocds-dgv273-seacev3-1228857,PE-CONSUCODE-10502,CP SER-SM-2-2026-GERESA/LL-1,2026-06-03T18:14:00-05:00
ocds-dgv273-seacev3-1246186,ocds-dgv273-seacev3-1228857,PE-CONSUCODE-10502,CP SER-SM-2-2026-GERESA/LL-1,2026-06-03T18:14:00-05:00
ocds-dgv273-seacev3-1242673,ocds-dgv273-seacev3-1221816,PE-CONSUCODE-691,LP-ABR-3-2026-MDCH/C-1,2026-06-02T23:25:00-05:00
ocds-dgv273-seacev3-1222608,ocds-dgv273-seacev3-1235555,PE-CONSUCODE-2388,CP-ABR-2-2026-EPS SEDAM HYO S.A.-3,2026-06-04T19:05:00-05:00
ocds-dgv273-seacev3-2026-800-1,ocds-dgv273-seacev3-1233793,PE-CONSUCODE-800,LP-ABR-1-2026-MDCH-2,2026-06-10T12:59:00-05:00
ocds-dgv273-seacev3-1227392,ocds-dgv273-seacev3-1227407,PE-CONSUCODE-214,CP-ABR-80-2026-MDCHH/CS-2,2026-06-10T21:43:00-05:00
ocds-dgv273-seacev3-1224140,ocds-dgv273-seacev3-1227407,PE-CONSUCODE-214,CP-ABR-80-2026-MDCHH/CS-2,2026-06-10T21:43:00-05:00
ocds-dgv273-seacev3-1228287,ocds-dgv273-seacev3-1229136,PE-CONSUCODE-10247,LP-ABR-4-2026-EP/UO 0865-1,2026-06-24T15:41:00-05:00
ocds-dgv273-seacev3-1243546,ocds-dgv273-seacev3-1223788,PE-CONSUCODE-41,LP-ABR-101-2025-GRJ/C-3,2026-06-09T21:43:00-05:00
ocds-dgv273-seacev3-1221357,ocds-dgv273-seacev3-1226373,PE-CONSUCODE-256,LP-ABR-7-2026-MPP/CS-1,2026-06-01T23:00:00-05:00
ocds-dgv273-seacev3-1243013,ocds-dgv273-seacev3-1227170,PE-CONSUCODE-1603,CP-ABR-1-2026-MPH-CS-1,2026-06-19T14:20:00-05:00
ocds-dgv273-seacev3-1223290,ocds-dgv273-seacev3-1232028,PE-CONSUCODE-1320,LP-SM-5-2026-MDLM-1,2026-06-09T20:55:00-05:00
ocds-dgv273-seacev3-1221875,ocds-dgv273-seacev3-1238665,PE-CONSUCODE-42,LP-ABR-4-2025-GRLL-GRCO-2,2026-06-03T12:19:00-05:00
ocds-dgv273-seacev3-1225018,ocds-dgv273-seacev3-1234920,PE-CONSUCODE-204386,CP SER-SM-1-2026-UE SALUD CAJAMARCA-1,2026-06-12T16:43:00-05:00
ocds-dgv273-seacev3-1241355,ocds-dgv273-seacev3-1228533,PE-CONSUCODE-278,LP-ABR-42-2026-MDNCH/C-1,2026-06-24T19:17:00-05:00
ocds-dgv273-seacev3-1225317,ocds-dgv273-seacev3-1232788,PE-CONSUCODE-1270,LP-ABR-2-2026-MDS/CS-1,2026-06-18T08:06:00-05:00
ocds-dgv273-seacev3-1226844,ocds-dgv273-seacev3-1227080,PE-CONSUCODE-203806,CP-ABR-7-2026-MDSM/DEC-1,2026-06-18T18:27:00-05:00
ocds-dgv273-seacev3-1224014,ocds-dgv273-seacev3-1232964,PE-CONSUCODE-200154,LP-ABR-25-2026-RPSA-1,2026-06-19T09:46:00-05:00
ocds-dgv273-seacev3-1229014,ocds-dgv273-seacev3-1243119,PE-CONSUCODE-1688,LP-ABR-3-2026-MPCH-J/C-1,2026-06-25T23:11:00-05:00
ocds-dgv273-seacev3-1222453,ocds-dgv273-seacev3-1225897,PE-CONSUCODE-1093,LP-ABR-2-2026-CS/MDS-1,2026-06-04T23:44:00-05:00
ocds-dgv273-seacev3-1221452,ocds-dgv273-seacev3-1239571,PE-CONSUCODE-49,LP-ABR-124-2026-CS/GR PUNO-1,2026-06-04T19:16:00-05:00
ocds-dgv273-seacev3-1245028,ocds-dgv273-seacev3-2026-2543-910,PE-CONSUCODE-2543,CP-ABR-6-2026-ESSALUD/RATAR-1,2026-06-17T16:35:00-05:00
ocds-dgv273-seacev3-1235084,ocds-dgv273-seacev3-1225869,PE-CONSUCODE-201245,CP-ABR-2-2026-UNAAT-1,2026-06-16T17:18:00-05:00
ocds-dgv273-seacev3-1244644,ocds-dgv273-seacev3-1227825,PE-CONSUCODE-1053,CP-ABR-22-2026-COMITE-MDM-1,2026-06-23T17:02:00-05:00
ocds-dgv273-seacev3-1222632,ocds-dgv273-seacev3-1228906,PE-CONSUCODE-1716,LP-SM-1-2026-MDLL/C-1,2026-06-04T21:19:00-05:00
ocds-dgv273-seacev3-1220155,ocds-dgv273-seacev3-1232053,PE-CONSUCODE-201143,RES-PROC-7-2026-DPC-ACFFAA-1,2026-06-08T16:17:00-05:00
ocds-dgv273-seacev3-2026-200192-196,ocds-dgv273-seacev3-1239169,PE-CONSUCODE-200192,LP-ABR-2-2025-ELECTROCENTRO S.A.-2,2026-06-26T14:11:00-05:00
ocds-dgv273-seacev3-1225218,ocds-dgv273-seacev3-1230260,PE-CONSUCODE-40,LP-SM-7-2026-GRH/C-1-1,2026-06-12T22:34:00-05:00
ocds-dgv273-seacev3-1223448,ocds-dgv273-seacev3-1230055,PE-CONSUCODE-10362,CP-ABR-1-2026-GRA-PE.CHINECAS-2,2026-06-09T12:17:00-05:00
ocds-dgv273-seacev3-1229502,ocds-dgv273-seacev3-1234705,PE-CONSUCODE-200261,LP-ABR-3-2026-AGRORUR-UZMDD-2,2026-06-26T23:51:00-05:00
ocds-dgv273-seacev3-1227903,ocds-dgv273-seacev3-1234465,PE-CONSUCODE-753,CP-ABR-5-2026-C-MDSJ-C-1,2026-06-23T10:50:00-05:00
ocds-dgv273-seacev3-1237368,ocds-dgv273-seacev3-1224603,PE-CONSUCODE-204386,CP-ABR-3-2026-UE SALUD CAJAMARCA-1,2026-06-11T17:37:00-05:00
ocds-dgv273-seacev3-1224655,ocds-dgv273-seacev3-1232587,PE-CONSUCODE-1557,LP-ABR-3-2026-MDH/C-1,2026-06-12T22:58:00-05:00
ocds-dgv273-seacev3-1226699,ocds-dgv273-seacev3-1242168,PE-CONSUCODE-211,LP-ABR-9-2026-MPHI/CS-1,2026-06-19T23:05:00-05:00
ocds-dgv273-seacev3-2026-10046-9,ocds-dgv273-seacev3-1225343,PE-CONSUCODE-10046,LP-ABR-4-2026-IRO/COMITE-1,2026-06-05T11:04:00-05:00
ocds-dgv273-seacev3-1224215,ocds-dgv273-seacev3-1233922,PE-CONSUCODE-1093,LP-ABR-5-2026-CS/MDS-1,2026-06-02T22:36:00-05:00
ocds-dgv273-seacev3-1221754,ocds-dgv273-seacev3-1233922,PE-CONSUCODE-1093,LP-ABR-5-2026-CS/MDS-1,2026-06-02T22:36:00-05:00
ocds-dgv273-seacev3-1243867,ocds-dgv273-seacev3-2026-10248-57,PE-CONSUCODE-10248,CP-ABR-46-2026-MGP/DIRCOMAR-1,2026-06-08T15:53:00-05:00
ocds-dgv273-seacev3-1235386,ocds-dgv273-seacev3-1222268,PE-CONSUCODE-822,COMPRE-COMPRE-20-2026-MDP/OC-1,2026-06-03T23:52:00-05:00
ocds-dgv273-seacev3-1226254,ocds-dgv273-seacev3-1233824,PE-CONSUCODE-10249,LP-SM-5-2026-FAP/SESAN-1,2026-06-18T15:29:00-05:00
ocds-dgv273-seacev3-1226452,ocds-dgv273-seacev3-1230682,PE-CONSUCODE-200551,CP-ABR-6-2026-INSNSB-2,2026-06-18T16:49:00-05:00
ocds-dgv273-seacev3-1234989,ocds-dgv273-seacev3-1221588,PE-CONSUCODE-10396,LP-ABR-5-2026-HREGB-2,2026-06-02T16:09:00-05:00
ocds-dgv273-seacev3-1226969,ocds-dgv273-seacev3-1233091,PE-CONSUCODE-2452,CP SER-SM-4-2026-EMAPE/C-1,2026-06-18T21:23:00-05:00
ocds-dgv273-seacev3-1228972,ocds-dgv273-seacev3-1232377,PE-CONSUCODE-1389,LP-ABR-6-2026-MDV/C-1,2026-06-26T22:46:00-05:00
ocds-dgv273-seacev3-1242625,ocds-dgv273-seacev3-1227190,PE-CONSUCODE-1025,CP-ABR-13-2026-C-MPI-1,2026-06-22T11:40:00-05:00
ocds-dgv273-seacev3-1237227,ocds-dgv273-seacev3-1229679,PE-CONSUCODE-1549,SIE-SIE-4-2026-CE/MDP-BIEN-1,2026-06-18T16:45:00-05:00
ocds-dgv273-seacev3-1226310,ocds-dgv273-seacev3-1229679,PE-CONSUCODE-1549,SIE-SIE-4-2026-CE/MDP-BIEN-1,2026-06-18T16:45:00-05:00
ocds-dgv273-seacev3-1235698,ocds-dgv273-seacev3-1229679,PE-CONSUCODE-1549,SIE-SIE-4-2026-CE/MDP-BIEN-1,2026-06-18T16:45:00-05:00
ocds-dgv273-seacev3-1222248,ocds-dgv273-seacev3-1240113,PE-CONSUCODE-20001,CP-ABR-1-2026-GRA/GSRC/CS-1,2026-06-03T21:31:00-05:00
ocds-dgv273-seacev3-1243202,ocds-dgv273-seacev3-1227590,PE-CONSUCODE-146,LP-ABR-1-2026-MDC/CS-1,2026-06-22T20:05:00-05:00
ocds-dgv273-seacev3-1224374,ocds-dgv273-seacev3-1231662,PE-CONSUCODE-1472,LP-ABR-1-2026-C/MDPS-1,2026-06-11T23:46:00-05:00
ocds-dgv273-seacev3-1226202,ocds-dgv273-seacev3-1228600,PE-CONSUCODE-282,LP-ABR-3-2026-MDC/C-1,2026-06-17T23:14:00-05:00
ocds-dgv273-seacev3-1239925,ocds-dgv273-seacev3-1222410,PE-CONSUCODE-1193,LP-ABR-5-2026-MDH/CS-1,2026-06-04T15:29:00-05:00
ocds-dgv273-seacev3-2026-435-1,ocds-dgv273-seacev3-1230355,PE-CONSUCODE-435,LP-ABR-1-2026-MDA-1,2026-06-15T11:00:00-05:00
ocds-dgv273-seacev3-1229164,ocds-dgv273-seacev3-1231029,PE-CONSUCODE-162,LP-ABR-17-2026-MDI/C-1,2026-06-19T15:35:00-05:00
ocds-dgv273-seacev3-1226958,ocds-dgv273-seacev3-1231029,PE-CONSUCODE-162,LP-ABR-17-2026-MDI/C-1,2026-06-19T15:35:00-05:00
ocds-dgv273-seacev3-1238395,ocds-dgv273-seacev3-1227448,PE-CONSUCODE-35,SIE-SIE-20-2026-GRA-SEDECENTRAL-2,2026-06-23T16:30:00-05:00
ocds-dgv273-seacev3-1225372,ocds-dgv273-seacev3-1227647,PE-CONSUCODE-1759,LP-ABR-4-2026-MDJ/CS-1,2026-06-16T17:27:00-05:00
ocds-dgv273-seacev3-1222816,ocds-dgv273-seacev3-1231109,PE-CONSUCODE-10502,LP-SM-3-2026-GERESA/LL-1,2026-06-05T19:15:00-05:00
ocds-dgv273-seacev3-1227341,ocds-dgv273-seacev3-1229140,PE-CONSUCODE-202845,LP-ABR-3-2026-CS/MDP-2,2026-06-19T19:24:00-05:00
ocds-dgv273-seacev3-1227565,ocds-dgv273-seacev3-1228498,PE-CONSUCODE-813,LP-ABR-11-2026-COMITE-MPLC/LC-1,2026-06-23T15:59:00-05:00
ocds-dgv273-seacev3-1222358,ocds-dgv273-seacev3-1237156,PE-CONSUCODE-41,SIE-SIE-5-2026-GRJ-2,2026-06-04T11:38:00-05:00
ocds-dgv273-seacev3-1241418,ocds-dgv273-seacev3-1228260,PE-CONSUCODE-1751,LP-ABR-3-2026-MDC/CS-1,2026-06-25T23:20:00-05:00
ocds-dgv273-seacev3-1226576,ocds-dgv273-seacev3-1232431,PE-CONSUCODE-1872,LP-ABR-14-2026-MDI-DEC-1,2026-06-18T16:37:00-05:00
ocds-dgv273-seacev3-1224793,ocds-dgv273-seacev3-1227941,PE-CONSUCODE-1703,SIE-SIE-3-2026-MPL/OC-1,2026-06-16T18:36:00-05:00
ocds-dgv273-seacev3-1225099,ocds-dgv273-seacev3-1226115,PE-CONSUCODE-2005,LP-ABR-1-2026-SAT-1,2026-06-15T10:33:00-05:00
ocds-dgv273-seacev3-1221683,ocds-dgv273-seacev3-1223544,PE-CONSUCODE-151,CP-ABR-19-2026-MPHZ/C-1,2026-06-02T19:07:00-05:00
ocds-dgv273-seacev3-1229474,ocds-dgv273-seacev3-1233262,PE-CONSUCODE-1553,LP-SM-7-2025-CS-MPI-1,2026-06-26T22:52:00-05:00
ocds-dgv273-seacev3-2026-2378-15,ocds-dgv273-seacev3-1239933,PE-CONSUCODE-2378,CP-ABR-5-2026-EPSEL S.A.-1,2026-06-04T17:17:00-05:00
ocds-dgv273-seacev3-1221663,ocds-dgv273-seacev3-1224214,PE-CONSUCODE-1093,LP-ABR-4-2026-CS/MDS-1,2026-06-02T22:26:00-05:00
ocds-dgv273-seacev3-1225268,ocds-dgv273-seacev3-1229203,PE-CONSUCODE-1103,LP-ABR-1-2026-CE-MDM-2,2026-06-15T16:28:00-05:00
ocds-dgv273-seacev3-1225634,ocds-dgv273-seacev3-1233185,PE-CONSUCODE-614,CP-ABR-7-2026-MPC-2,2026-06-16T14:49:00-05:00
ocds-dgv273-seacev3-1228528,ocds-dgv273-seacev3-1228570,PE-CONSUCODE-307,RES-PROC-1-2026-MPO/CA-1,2026-06-12T16:11:00-05:00
ocds-dgv273-seacev3-2026-307-13,ocds-dgv273-seacev3-1228570,PE-CONSUCODE-307,RES-PROC-1-2026-MPO/CA-1,2026-06-12T16:11:00-05:00
ocds-dgv273-seacev3-1221733,ocds-dgv273-seacev3-1224223,PE-CONSUCODE-1093,LP-ABR-6-2026-CS/MDS-1,2026-06-02T22:27:00-05:00
ocds-dgv273-seacev3-1222784,ocds-dgv273-seacev3-1231912,PE-CONSUCODE-203226,CP CON-SM-3-2026-PRONIS-1,2026-06-05T18:09:00-05:00
ocds-dgv273-seacev3-1223499,ocds-dgv273-seacev3-1235264,PE-CONSUCODE-339,SIE-SIE-6-2026-MDT-1,2026-06-09T11:56:00-05:00
ocds-dgv273-seacev3-1224748,ocds-dgv273-seacev3-1232751,PE-CONSUCODE-1252,LP-ABR-3-2026-MDS/ C-1,2026-06-11T23:17:00-05:00
ocds-dgv273-seacev3-1226711,ocds-dgv273-seacev3-1232524,PE-CONSUCODE-1872,LP-ABR-16-2026-MDI-ALC-DEC-1-1,2026-06-18T15:53:00-05:00
ocds-dgv273-seacev3-1239308,ocds-dgv273-seacev3-2026-10461-13,PE-CONSUCODE-10461,CP-ABR-14-2026-DRTC/CS-1,2026-06-08T20:10:00-05:00
ocds-dgv273-seacev3-1239276,ocds-dgv273-seacev3-2026-10461-13,PE-CONSUCODE-10461,CP-ABR-14-2026-DRTC/CS-1,2026-06-08T20:10:00-05:00
ocds-dgv273-seacev3-1228229,ocds-dgv273-seacev3-1230729,PE-CONSUCODE-10248,CP-ABR-7-2026-MGP/COMZOCINCO-1,2026-06-23T19:59:00-05:00
ocds-dgv273-seacev3-1223063,ocds-dgv273-seacev3-1228579,PE-CONSUCODE-1002,RES-PROC-1-2026-MPPI/CA-1,2026-06-05T22:42:00-05:00
ocds-dgv273-seacev3-1227829,ocds-dgv273-seacev3-1233112,PE-CONSUCODE-10248,CP-ABR-5-2026-MGP/COMZOCINCO-1,2026-06-23T10:10:00-05:00
ocds-dgv273-seacev3-1221259,ocds-dgv273-seacev3-1236885,PE-CONSUCODE-200092,SIE-SIE-1-2026-MDPM/C-2,2026-06-01T18:18:00-05:00
ocds-dgv273-seacev3-1236159,ocds-dgv273-seacev3-1226591,PE-CONSUCODE-1453,CP-ABR-2-2026-MDM/OEC-1,2026-06-19T04:10:00-05:00
ocds-dgv273-seacev3-1235785,ocds-dgv273-seacev3-1226591,PE-CONSUCODE-1453,CP-ABR-2-2026-MDM/OEC-1,2026-06-19T04:10:00-05:00
ocds-dgv273-seacev3-1230763,ocds-dgv273-seacev3-1230765,PE-CONSUCODE-1862,LP-ABR-1-2026-MDPH-CS-2,2026-06-11T22:54:00-05:00
ocds-dgv273-seacev3-1224737,ocds-dgv273-seacev3-1230765,PE-CONSUCODE-1862,LP-ABR-1-2026-MDPH-CS-2,2026-06-11T22:54:00-05:00
ocds-dgv273-seacev3-1228523,ocds-dgv273-seacev3-1232021,PE-CONSUCODE-1556,LP-ABR-1-2026-HMPP/OBRAS-1,2026-06-24T23:54:00-05:00
ocds-dgv273-seacev3-1223619,ocds-dgv273-seacev3-1224901,PE-CONSUCODE-2543,LP-ABR-3-2026-ESSALUD-RAJUNIN-1,2026-06-09T16:05:00-05:00
ocds-dgv273-seacev3-1229396,ocds-dgv273-seacev3-1229401,PE-CONSUCODE-10180,LP-ABR-2-2026-UGEL.15-HRI/CS-1,2026-06-26T19:04:00-05:00
ocds-dgv273-seacev3-1221153,ocds-dgv273-seacev3-1221662,PE-CONSUCODE-1307,LP-ABR-16-2026-MML-OGA-OL-1,2026-06-01T16:26:00-05:00
ocds-dgv273-seacev3-1218791,ocds-dgv273-seacev3-1234180,PE-CONSUCODE-200198,LP-SM-4-2026-UNAJMA-1,2026-06-03T12:59:00-05:00
ocds-dgv273-seacev3-1225100,ocds-dgv273-seacev3-1234497,PE-CONSUCODE-43,COMPRE-COMPRE-4-2026-GR.LAMB/DEC-2,2026-06-12T17:50:00-05:00
ocds-dgv273-seacev3-1228156,ocds-dgv273-seacev3-1236045,PE-CONSUCODE-1338,LP-SM-3-2026-CS/MDSJL-1,2026-06-23T18:37:00-05:00
ocds-dgv273-seacev3-1239357,ocds-dgv273-seacev3-1222357,PE-CONSUCODE-584,LP-SM-1-2026-MDC/J-1,2026-06-10T11:29:00-05:00
ocds-dgv273-seacev3-1227150,ocds-dgv273-seacev3-1227804,PE-CONSUCODE-479,LP-ABR-2-2026-MDY-1,2026-06-19T16:09:00-05:00
ocds-dgv273-seacev3-1229658,ocds-dgv273-seacev3-1233797,PE-CONSUCODE-1209,LP-ABR-17-2026-MPSC-1,2026-06-30T16:01:00-05:00
ocds-dgv273-seacev3-1222519,ocds-dgv273-seacev3-1234529,PE-CONSUCODE-2433,SEL-PROC-30-2026-OTL / PETROPERU-1,2026-06-04T17:12:00-05:00
ocds-dgv273-seacev3-1221237,ocds-dgv273-seacev3-1232264,PE-CONSUCODE-1703,CP-ABR-8-2026-MPL/CS-2,2026-06-02T16:19:00-05:00
ocds-dgv273-seacev3-1234086,ocds-dgv273-seacev3-1222822,PE-CONSUCODE-10436,COMPRE-COMPRE-1-2026-GR.CAJ/DRE.-1,2026-06-05T15:06:00-05:00
ocds-dgv273-seacev3-1235373,ocds-dgv273-seacev3-1222822,PE-CONSUCODE-10436,COMPRE-COMPRE-1-2026-GR.CAJ/DRE.-1,2026-06-05T15:06:00-05:00
ocds-dgv273-seacev3-1226884,ocds-dgv273-seacev3-1227061,PE-CONSUCODE-305,LP-ABR-1-2026-MDH/CS-1,2026-06-18T19:45:00-05:00
ocds-dgv273-seacev3-2026-1703-7,ocds-dgv273-seacev3-1232286,PE-CONSUCODE-1703,CP-ABR-2-2026-MPL/CS-2,2026-06-02T16:17:00-05:00
ocds-dgv273-seacev3-1221255,ocds-dgv273-seacev3-1231391,PE-CONSUCODE-1703,CP-ABR-7-2026-MPL/CS-2,2026-06-02T16:18:00-05:00
ocds-dgv273-seacev3-2026-1596-3,ocds-dgv273-seacev3-1227785,PE-CONSUCODE-1596,LP-ABR-2-2026-MDL-C-1,2026-06-09T21:45:00-05:00
ocds-dgv273-seacev3-1235721,ocds-dgv273-seacev3-1232403,PE-CONSUCODE-1708,CP-ABR-1-2026-MDP/CS-1,2026-06-25T19:00:00-05:00
ocds-dgv273-seacev3-1227944,ocds-dgv273-seacev3-1232403,PE-CONSUCODE-1708,CP-ABR-1-2026-MDP/CS-1,2026-06-25T19:00:00-05:00
ocds-dgv273-seacev3-1227712,ocds-dgv273-seacev3-1224318,PE-CONSUCODE-10364,CP-ABR-1-2026-MIDAGRI-DVDAFIR-1,2026-06-10T23:56:00-05:00
ocds-dgv273-seacev3-1228601,ocds-dgv273-seacev3-1231932,PE-CONSUCODE-1678,LP-ABR-13-2026-MPC-M/C-1,2026-06-24T23:56:00-05:00
ocds-dgv273-seacev3-1227641,ocds-dgv273-seacev3-1229699,PE-CONSUCODE-204890,LP-ABR-4-2026-CS-MDB-1,2026-06-22T18:09:00-05:00
ocds-dgv273-seacev3-1225754,ocds-dgv273-seacev3-1230343,PE-CONSUCODE-1569,LP-ABR-5-2026-MPDAC-YHCA-1,2026-06-17T14:35:00-05:00
ocds-dgv273-seacev3-1224776,ocds-dgv273-seacev3-1224782,PE-CONSUCODE-200447,LP-ABR-3-2026-RSPS-CS-1,2026-06-12T09:35:00-05:00
ocds-dgv273-seacev3-1236097,ocds-dgv273-seacev3-1224437,PE-CONSUCODE-200535,COMPRE-COMPRE-1-2026-GRC-HV-1,2026-06-11T16:21:00-05:00
ocds-dgv273-seacev3-1226148,ocds-dgv273-seacev3-1231171,PE-CONSUCODE-200219,CP SER-SM-1-2026-MDSPPP/CS-1,2026-06-17T17:14:00-05:00
ocds-dgv273-seacev3-1224384,ocds-dgv273-seacev3-1227995,PE-CONSUCODE-1997,LP-ABR-3-2026-CVH-CS-1-1,2026-06-11T14:15:00-05:00
ocds-dgv273-seacev3-1221819,ocds-dgv273-seacev3-1228246,PE-CONSUCODE-222,LP-SM-1-2026-MDR/C-1,2026-06-02T22:09:00-05:00
ocds-dgv273-seacev3-1229227,ocds-dgv273-seacev3-1233573,PE-CONSUCODE-1509,LP-ABR-2-2026-MDT-1,2026-06-26T15:41:00-05:00
ocds-dgv273-seacev3-1229030,ocds-dgv273-seacev3-1229041,PE-CONSUCODE-200261,CP-ABR-6-2026-MIDAGRI-AGRORUR-1,2026-06-25T23:48:00-05:00
ocds-dgv273-seacev3-1226199,ocds-dgv273-seacev3-1233938,PE-CONSUCODE-1157,LP-ABR-3-2026-MDLL/C-1,2026-06-17T19:14:00-05:00
ocds-dgv273-seacev3-1226629,ocds-dgv273-seacev3-1232542,PE-CONSUCODE-168,RES-PROC-1-2026-MPAR-LL/CS-1,2026-06-18T22:33:00-05:00
ocds-dgv273-seacev3-1227996,ocds-dgv273-seacev3-1230393,PE-CONSUCODE-2362,COMPRE-COMPRE-2-2026-EMSAPUNO S.A.-1,2026-06-23T16:27:00-05:00
ocds-dgv273-seacev3-1215980,ocds-dgv273-seacev3-1232266,PE-CONSUCODE-200130,LP-ABR-1-2026-GRU-RIS3A-C.S-1,2026-06-25T16:11:00-05:00
ocds-dgv273-seacev3-1227934,ocds-dgv273-seacev3-1230620,PE-CONSUCODE-648,SIE-SIE-2-2026-MDSCT-1,2026-06-23T12:15:00-05:00
ocds-dgv273-seacev3-1222272,ocds-dgv273-seacev3-1226215,PE-CONSUCODE-1158,CP-ABR-2-2026-MDM-1,2026-06-10T22:35:00-05:00
ocds-dgv273-seacev3-1228185,ocds-dgv273-seacev3-1234295,PE-CONSUCODE-200013,CP-ABR-8-2026-UNTRM/E-1,2026-06-23T18:54:00-05:00
ocds-dgv273-seacev3-1224247,ocds-dgv273-seacev3-1232785,PE-CONSUCODE-35,LP-ABR-20-2026-GRA-SEDECENTRAL-1,2026-06-10T20:12:00-05:00
ocds-dgv273-seacev3-1232781,ocds-dgv273-seacev3-1232785,PE-CONSUCODE-35,LP-ABR-20-2026-GRA-SEDECENTRAL-1,2026-06-10T20:12:00-05:00
ocds-dgv273-seacev3-1221656,ocds-dgv273-seacev3-1229670,PE-CONSUCODE-200325,CP-ABR-2-2026-IVPMSM-1,2026-06-02T19:30:00-05:00
ocds-dgv273-seacev3-1224999,ocds-dgv273-seacev3-1230692,PE-CONSUCODE-10248,CP-ABR-4-2026-MGP/COMZOCINCO-2,2026-06-12T16:48:00-05:00
ocds-dgv273-seacev3-1222953,ocds-dgv273-seacev3-1234337,PE-CONSUCODE-932,LP-ABR-1-2026-CS-MDQ-1,2026-06-05T18:40:00-05:00
ocds-dgv273-seacev3-1224536,ocds-dgv273-seacev3-1228256,PE-CONSUCODE-233,CP-ABR-1-2026-MDPL/CS.-1,2026-06-11T18:38:00-05:00
ocds-dgv273-seacev3-1227059,ocds-dgv273-seacev3-1230293,PE-CONSUCODE-10248,LP-ABR-2-2026-MGP/COMZOCINCO-1,2026-06-19T10:49:00-05:00
ocds-dgv273-seacev3-1227199,ocds-dgv273-seacev3-1229238,PE-CONSUCODE-10424,LP-ABR-14-2026-HRHD-1,2026-06-19T15:54:00-05:00
ocds-dgv273-seacev3-1222574,ocds-dgv273-seacev3-1227349,PE-CONSUCODE-1308,LP-ABR-7-2026-CS/MDA-1,2026-06-04T19:02:00-05:00
ocds-dgv273-seacev3-1223766,ocds-dgv273-seacev3-1231202,PE-CONSUCODE-201785,SIE-SIE-2-2026-MDVV/OC-1,2026-06-09T18:53:00-05:00
ocds-dgv273-seacev3-2026-434-4,ocds-dgv273-seacev3-1225904,PE-CONSUCODE-434,CP-ABR-1-2026-MPC-1,2026-06-12T13:02:00-05:00
ocds-dgv273-seacev3-2026-10366-17,ocds-dgv273-seacev3-1233181,PE-CONSUCODE-10366,CP-ABR-1-2026-MINAGRI-PEBLT-2,2026-06-15T20:41:00-05:00
ocds-dgv273-seacev3-1224511,ocds-dgv273-seacev3-1232850,PE-CONSUCODE-326,CP-ABR-4-2026-MPA-1,2026-06-11T16:33:00-05:00
ocds-dgv273-seacev3-1222980,ocds-dgv273-seacev3-1223627,PE-CONSUCODE-2009,LP-ABR-17-2026-GRAP/OC-1,2026-06-05T18:17:00-05:00
ocds-dgv273-seacev3-1225402,ocds-dgv273-seacev3-1228889,PE-CONSUCODE-200038,LP-ABR-16-2026-DIRSAPOL-UE 020-1,2026-06-15T16:28:00-05:00
ocds-dgv273-seacev3-2026-646-1,ocds-dgv273-seacev3-1230886,PE-CONSUCODE-646,LP-ABR-1-2026-MDG-1,2026-06-16T14:39:00-05:00
ocds-dgv273-seacev3-1221218,ocds-dgv273-seacev3-1228208,PE-CONSUCODE-338,LP-ABR-3-2026-MDSMCH-1,2026-06-01T23:57:00-05:00
ocds-dgv273-seacev3-1224707,ocds-dgv273-seacev3-1225263,PE-CONSUCODE-369,LP-ABR-15-2026-MPCT-1,2026-06-11T22:22:00-05:00
ocds-dgv273-seacev3-1221001,ocds-dgv273-seacev3-1229050,PE-CONSUCODE-243,LP-ABR-1-2026-MDM/CS-1,2026-06-09T19:17:00-05:00
ocds-dgv273-seacev3-1226192,ocds-dgv273-seacev3-1229839,PE-CONSUCODE-10591,CP-ABR-3-2026-DRESM-OC-1,2026-06-17T12:41:00-05:00
ocds-dgv273-seacev3-1225246,ocds-dgv273-seacev3-1227367,PE-CONSUCODE-918,LP-ABR-5-2026-MDS/CS-1,2026-06-12T21:56:00-05:00
ocds-dgv273-seacev3-1224103,ocds-dgv273-seacev3-1227367,PE-CONSUCODE-918,LP-ABR-5-2026-MDS/CS-1,2026-06-12T21:56:00-05:00
ocds-dgv273-seacev3-1228262,ocds-dgv273-seacev3-1230667,PE-CONSUCODE-909,LP-ABR-2-2026-MDA/C-1,2026-06-23T23:33:00-05:00
ocds-dgv273-seacev3-1231209,ocds-dgv273-seacev3-1228133,PE-CONSUCODE-1060,CP-ABR-11-2026-C-MPP-1,2026-06-23T17:12:00-05:00
ocds-dgv273-seacev3-1226929,ocds-dgv273-seacev3-1230371,PE-CONSUCODE-742,LP-ABR-15-2026-MPC-CS-1-1,2026-06-18T19:02:00-05:00
ocds-dgv273-seacev3-1227991,ocds-dgv273-seacev3-1229636,PE-CONSUCODE-10247,LP-ABR-3-2026-EP/UO 0860-1,2026-06-23T14:50:00-05:00
ocds-dgv273-seacev3-1218919,ocds-dgv273-seacev3-1225289,PE-CONSUCODE-200078,CP-ABR-7-2026-OGESS-HC/CS-1,2026-06-02T11:57:00-05:00
ocds-dgv273-seacev3-1224122,ocds-dgv273-seacev3-1226093,PE-CONSUCODE-680,CP-ABR-2-2026-MDT-C-1,2026-06-10T18:51:00-05:00
ocds-dgv273-seacev3-1226366,ocds-dgv273-seacev3-1227673,PE-CONSUCODE-1186,CP-ABR-1-2026-C-MDHCH-1,2026-06-10T19:19:00-05:00
ocds-dgv273-seacev3-1223152,ocds-dgv273-seacev3-1227673,PE-CONSUCODE-1186,CP-ABR-1-2026-C-MDHCH-1,2026-06-10T19:19:00-05:00
ocds-dgv273-seacev3-1222779,ocds-dgv273-seacev3-1223460,PE-CONSUCODE-10424,LP-ABR-16-2026-HRHD-1,2026-06-05T14:52:00-05:00
ocds-dgv273-seacev3-1228474,ocds-dgv273-seacev3-1230231,PE-CONSUCODE-403,COMPRE-COMPRE-3-2026-MDMM-1,2026-06-24T17:48:00-05:00
ocds-dgv273-seacev3-1226949,ocds-dgv273-seacev3-1228967,PE-CONSUCODE-9,LP-ABR-1-2026-DP.-1,2026-06-18T19:25:00-05:00
ocds-dgv273-seacev3-1223605,ocds-dgv273-seacev3-1224184,PE-CONSUCODE-10550,SIE-SIE-2-2026-RS/OXAP-1,2026-06-09T16:20:00-05:00
ocds-dgv273-seacev3-1225654,ocds-dgv273-seacev3-1226123,PE-CONSUCODE-1213,CP-ABR-3-2026-MDM/ C-1,2026-06-16T11:48:00-05:00
ocds-dgv273-seacev3-1224319,ocds-dgv273-seacev3-1230594,PE-CONSUCODE-10509,CP-ABR-4-2026-RIS OTUZCO/CS-1,2026-06-11T16:48:00-05:00
ocds-dgv273-seacev3-1224368,ocds-dgv273-seacev3-1233885,PE-CONSUCODE-1814,CP-ABR-2-2026-MDBA/C-1,2026-03-30T17:12:00-05:00
ocds-dgv273-seacev3-1223404,ocds-dgv273-seacev3-1227358,PE-CONSUCODE-889,LP-ABR-1-2026-MDHH-1,2026-06-08T20:16:00-05:00
ocds-dgv273-seacev3-2026-1003000933-29,ocds-dgv273-seacev3-1225305,PE-CONSUCODE-200683,LP-ABR-4-2026-IAFAS-EP-1,2026-06-08T17:22:00-05:00
ocds-dgv273-seacev3-1225327,ocds-dgv273-seacev3-1228794,PE-CONSUCODE-799,COMPRE-COMPRE-1-2026-OC-MDC-2,2026-06-15T12:09:00-05:00
ocds-dgv273-seacev3-1221869,ocds-dgv273-seacev3-1226338,PE-CONSUCODE-396,LP-ABR-2-2026-MDR/CS-1,2026-06-08T15:23:00-05:00
ocds-dgv273-seacev3-1225350,ocds-dgv273-seacev3-1229659,PE-CONSUCODE-224,LP-ABR-135-2026-MDSM/CS-1,2026-06-15T15:27:00-05:00
ocds-dgv273-seacev3-1225336,ocds-dgv273-seacev3-1229255,PE-CONSUCODE-196,LP-ABR-2-2026-MDSMA/C-1,2026-06-16T12:28:00-05:00
ocds-dgv273-seacev3-1226698,ocds-dgv273-seacev3-1227468,PE-CONSUCODE-2380,COMPRE-COMPRE-4-2026-OC/EPSTACNA S.A-1,2026-06-18T12:38:00-05:00
ocds-dgv273-seacev3-1226353,ocds-dgv273-seacev3-1221361,PE-CONSUCODE-200413,CP-ABR-5-2026-IVP/CHACHAPOYAS-2,2026-06-01T20:25:00-05:00
ocds-dgv273-seacev3-1224079,ocds-dgv273-seacev3-1227224,PE-CONSUCODE-397,DIRECTA-DIRECTA-21-2026-MPA-1,2026-06-11T16:29:00-05:00
ocds-dgv273-seacev3-1225160,ocds-dgv273-seacev3-1227018,PE-CONSUCODE-203689,LP-ABR-1-2026-MDSDA/CS-1,2026-06-12T21:16:00-05:00
ocds-dgv273-seacev3-1222257,ocds-dgv273-seacev3-1224754,PE-CONSUCODE-1162,COMPRE-COMPRE-3-2026-DEC/MDRT-1,2026-06-04T12:16:00-05:00
ocds-dgv273-seacev3-1228437,ocds-dgv273-seacev3-1226444,PE-CONSUCODE-1607,COMPRE-COMPRE-3-2026-MDH/DEC-1,2026-06-17T18:44:00-05:00
ocds-dgv273-seacev3-1223974,ocds-dgv273-seacev3-1226983,PE-CONSUCODE-200867,CP-ABR-2-2026-UGEL LAURICOCHA-2,2026-06-10T22:02:00-05:00
ocds-dgv273-seacev3-1223422,ocds-dgv273-seacev3-1228909,PE-CONSUCODE-422,SIE-SIE-5-2026-MDY-2,2026-06-08T21:15:00-05:00
ocds-dgv273-seacev3-1230727,ocds-dgv273-seacev3-1228969,PE-CONSUCODE-369,COMPRE-COMPRE-14-2026-MPCT-1,2026-06-25T20:37:00-05:00
ocds-dgv273-seacev3-1229786,ocds-dgv273-seacev3-1233001,PE-CONSUCODE-10194,DIRECTA-DIRECTA-21-2026-INEN-1,2026-07-03T15:00:00-05:00
ocds-dgv273-seacev3-1221814,ocds-dgv273-seacev3-1222113,PE-CONSUCODE-822,COMPRE-COMPRE-10-2026-MDP/OC-1,2026-06-02T23:47:00-05:00
ocds-dgv273-seacev3-1222990,ocds-dgv273-seacev3-1228567,PE-CONSUCODE-1688,SIE-SIE-4-2026-MPCHJ/OC-1,2026-06-05T19:03:00-05:00
ocds-dgv273-seacev3-1221249,ocds-dgv273-seacev3-1221731,PE-CONSUCODE-1307,SIE-SIE-4-2026-MML-OGA-OL-1,2026-06-01T18:48:00-05:00
ocds-dgv273-seacev3-1221615,ocds-dgv273-seacev3-1226631,PE-CONSUCODE-371,LP-ABR-9-2026-MDC-2,2026-06-02T16:51:00-05:00
ocds-dgv273-seacev3-1224902,ocds-dgv273-seacev3-1231375,PE-CONSUCODE-325,CP-ABR-2-2026-MDT/DEC-2,2026-06-12T12:57:00-05:00
ocds-dgv273-seacev3-2026-804-5,ocds-dgv273-seacev3-1228233,PE-CONSUCODE-804,LP-ABR-6-2026-MDV-CS-1,2026-06-17T19:15:00-05:00
ocds-dgv273-seacev3-1221299,ocds-dgv273-seacev3-1225613,PE-CONSUCODE-200253,CP-ABR-2-2026-OC/IVPP-2,2026-06-01T20:41:00-05:00
ocds-dgv273-seacev3-1220358,ocds-dgv273-seacev3-1224622,PE-CONSUCODE-1246,LP-ABR-1-2026-MDA/CS-1,2026-06-04T11:04:00-05:00
ocds-dgv273-seacev3-2026-1019-1,ocds-dgv273-seacev3-1221991,PE-CONSUCODE-1019,LP-ABR-1-2026-MDO/CS-1,2026-06-05T12:31:00-05:00
ocds-dgv273-seacev3-1221254,ocds-dgv273-seacev3-1221458,PE-CONSUCODE-1526,CP-ABR-15-2026-MPT/OC-1,2026-06-01T18:02:00-05:00
ocds-dgv273-seacev3-1216532,ocds-dgv273-seacev3-1229486,PE-CONSUCODE-10580,CP-ABR-1-2026-RED S. YUNGUYO-1,2026-06-16T15:47:00-05:00
ocds-dgv273-seacev3-1223153,ocds-dgv273-seacev3-1227158,PE-CONSUCODE-1027,LP-ABR-5-2026-MDLA/CS-1,2026-06-08T21:10:00-05:00
ocds-dgv273-seacev3-1225611,ocds-dgv273-seacev3-1226164,PE-CONSUCODE-369,LP-ABR-16-2026-MPCT-1,2026-06-15T22:25:00-05:00
ocds-dgv273-seacev3-1228657,ocds-dgv273-seacev3-1224726,PE-CONSUCODE-800,COMPRE-COMPRE-3-2026-MDCH-OC-1,2026-06-11T21:15:00-05:00
ocds-dgv273-seacev3-2026-10580-1,ocds-dgv273-seacev3-1224852,PE-CONSUCODE-10580,SIE-SIE-1-2026-RED S. YUNGUYO-1,2026-06-02T18:44:00-05:00
ocds-dgv273-seacev3-1226165,ocds-dgv273-seacev3-1224080,PE-CONSUCODE-10400,COMPRE-COMPRE-1-2026-RSCS/OC-1,2026-06-16T23:49:00-05:00
ocds-dgv273-seacev3-1221772,ocds-dgv273-seacev3-1223840,PE-CONSUCODE-226,LP-ABR-5-2026-MDU/CS-1,2026-06-03T15:48:00-05:00
ocds-dgv273-seacev3-1227778,ocds-dgv273-seacev3-1228549,PE-CONSUCODE-200140,INTER-PROC-1-2026-SISOL/MML-1,2026-06-24T12:40:00-05:00
ocds-dgv273-seacev3-1227824,ocds-dgv273-seacev3-1222289,PE-CONSUCODE-10442,SIE-SIE-2-2026-DSRS - CUTERVO-1,2026-06-04T08:35:00-05:00
ocds-dgv273-seacev3-1227417,ocds-dgv273-seacev3-1227912,PE-CONSUCODE-2009,SIE-SIE-28-2026-GRAP/OC-1,2026-06-22T11:35:00-05:00
ocds-dgv273-seacev3-1227063,ocds-dgv273-seacev3-1227428,PE-CONSUCODE-1946,DIRECTA-DIRECTA-1-2026-CONIDA-1,2026-06-19T20:05:00-05:00
ocds-dgv273-seacev3-1225028,ocds-dgv273-seacev3-1225506,PE-CONSUCODE-1320,COMPRE-COMPRE-8-2026-MDLM-1,2026-06-12T18:16:00-05:00
ocds-dgv273-seacev3-1223051,ocds-dgv273-seacev3-1225390,PE-CONSUCODE-1546,COMPRE-COMPRE-1-2026-MDLC/OC-1,2026-06-08T20:39:00-05:00
ocds-dgv273-seacev3-1226422,ocds-dgv273-seacev3-2026-10222-7,PE-CONSUCODE-10222,CP-ABR-2-2026-PNEJP-1,2026-06-16T16:18:00-05:00
ocds-dgv273-seacev3-1223445,ocds-dgv273-seacev3-1223493,PE-CONSUCODE-10602,COMPRE-COMPRE-2-2026-OC-HHUT-1,2026-06-08T23:23:00-05:00
ocds-dgv273-seacev3-1222573,ocds-dgv273-seacev3-1223278,PE-CONSUCODE-200324,COMPRE-COMPRE-1-2026-UGEL VRAE/DEC-1,2026-06-04T19:10:00-05:00
ocds-dgv273-seacev3-1222221,ocds-dgv273-seacev3-1223464,PE-CONSUCODE-10549,DIRECTA-DIRECTA-6-2026-OC/HDAC-PASCO-1,2026-06-03T23:25:00-05:00
ocds-dgv273-seacev3-1217476,ocds-dgv273-seacev3-1225326,PE-CONSUCODE-1000,DIRECTA-DIRECTA-1-2026-MDM-1,2026-06-12T17:15:00-05:00
ocds-dgv273-seacev3-1221831,ocds-dgv273-seacev3-1223062,PE-CONSUCODE-1218,LP-ABR-1-2026-MDA/CS-1,2026-06-03T23:58:00-05:00
ocds-dgv273-seacev3-1251357,ocds-dgv273-seacev3-2026-200191-109,PE-CONSUCODE-200191,CP SER-SM-11-2026-HDNA-1,2026-07-07T16:42:00-05:00
ocds-dgv273-seacev3-1233015,ocds-dgv273-seacev3-1244860,PE-CONSUCODE-48,LP-SM-6-2026-GRP-GRI-C-LPO-1,2026-07-10T19:08:00-05:00
ocds-dgv273-seacev3-1232397,ocds-dgv273-seacev3-1234009,PE-CONSUCODE-289,SIE-SIE-1-2026-MPY/DEC-1,2026-07-08T22:31:00-05:00
ocds-dgv273-seacev3-1236561,ocds-dgv273-seacev3-1236639,PE-CONSUCODE-10449,CP SER-SM-24-2026-GRTC-1,2026-07-22T22:22:00-05:00
ocds-dgv273-seacev3-1249292,ocds-dgv273-seacev3-1234800,PE-CONSUCODE-1784,LP-ABR-14-2026-MPR/C-1,2026-07-17T16:34:00-05:00
ocds-dgv273-seacev3-1237738,ocds-dgv273-seacev3-1243812,PE-CONSUCODE-53,LP-SM-26-2026-GRU-GR-C-1,2026-07-31T17:22:00-05:00
ocds-dgv273-seacev3-1230752,ocds-dgv273-seacev3-1251734,PE-CONSUCODE-10247,LP-SM-2-2026-EP/UO 0770-1,2026-07-03T19:43:00-05:00
ocds-dgv273-seacev3-1234439,ocds-dgv273-seacev3-1251800,PE-CONSUCODE-42,LP-ABR-8-2026-GRLL - GRCO-1,2026-07-16T10:54:00-05:00
ocds-dgv273-seacev3-1251340,ocds-dgv273-seacev3-1233669,PE-CONSUCODE-1527,LP-ABR-3-2026-MDI/COMITE-2,2026-07-14T13:33:00-05:00
ocds-dgv273-seacev3-1245151,ocds-dgv273-seacev3-1230381,PE-CONSUCODE-201185,LP-ABR-9-2026-DEC-GSRC-1,2026-07-02T17:45:00-05:00
ocds-dgv273-seacev3-1233128,ocds-dgv273-seacev3-1246177,PE-CONSUCODE-1283,LP-ABR-10-2026-MDP/CS-1,2026-07-13T15:06:00-05:00
ocds-dgv273-seacev3-1229585,ocds-dgv273-seacev3-1235949,PE-CONSUCODE-36,LP-SM-4-2026-GR.CAJ-1,2026-07-02T15:01:00-05:00
ocds-dgv273-seacev3-1251232,ocds-dgv273-seacev3-1232934,PE-CONSUCODE-1805,CP-ABR-1-2026-MDS/C-1,2026-07-10T16:37:00-05:00
ocds-dgv273-seacev3-1231118,ocds-dgv273-seacev3-1242694,PE-CONSUCODE-200157,LP-ABR-1-2026-HSJL-1,2026-07-03T19:45:00-05:00
ocds-dgv273-seacev3-1233115,ocds-dgv273-seacev3-1234275,PE-CONSUCODE-10247,LP-SM-10-2026-EP/UO 0732-1,2026-07-10T23:48:00-05:00
ocds-dgv273-seacev3-1229950,ocds-dgv273-seacev3-1246842,PE-CONSUCODE-1389,LP-ABR-2-2026-MDV/C-2,2026-07-01T00:07:00-05:00
ocds-dgv273-seacev3-1250974,ocds-dgv273-seacev3-1234416,PE-CONSUCODE-1850,LP-ABR-26-2026-CS/MPJB-1,2026-07-16T11:44:00-05:00
ocds-dgv273-seacev3-1232243,ocds-dgv273-seacev3-1241662,PE-CONSUCODE-200118,CP-ABR-3-2026-UNIA-CS-1,2026-07-08T17:04:00-05:00
ocds-dgv273-seacev3-1234500,ocds-dgv273-seacev3-1238878,PE-CONSUCODE-1343,CP SER-SM-3-2026-CS/MDSA.-1,2026-07-16T18:43:00-05:00
ocds-dgv273-seacev3-1249500,ocds-dgv273-seacev3-1243215,PE-CONSUCODE-10552,LP-SM-4-2026-GRP-GSRLCC-G-1,2026-07-07T20:01:00-05:00
ocds-dgv273-seacev3-1231904,ocds-dgv273-seacev3-1243215,PE-CONSUCODE-10552,LP-SM-4-2026-GRP-GSRLCC-G-1,2026-07-07T20:01:00-05:00
ocds-dgv273-seacev3-1241484,ocds-dgv273-seacev3-1230481,PE-CONSUCODE-200391,COMPRE-COMPRE-20-2026-DEC/CAFED-1,2026-07-03T11:33:00-05:00
ocds-dgv273-seacev3-1231880,ocds-dgv273-seacev3-1244852,PE-CONSUCODE-1337,LP-ABR-11-2026-MSI-CE-1,2026-07-07T19:50:00-05:00
ocds-dgv273-seacev3-1249228,ocds-dgv273-seacev3-1231093,PE-CONSUCODE-2397,LP-ABR-14-2026-SAN GABAN S.A.-1,2026-07-03T20:45:00-05:00
ocds-dgv273-seacev3-1251220,ocds-dgv273-seacev3-1235821,PE-CONSUCODE-1910,CP-ABR-6-2026-UNSCH/OC-1,2026-07-21T16:12:00-05:00
ocds-dgv273-seacev3-1234779,ocds-dgv273-seacev3-1244329,PE-CONSUCODE-20005,LP-SM-8-2026-GRC-C-1,2026-07-16T21:49:00-05:00
ocds-dgv273-seacev3-1236817,ocds-dgv273-seacev3-1246193,PE-CONSUCODE-10595,CP-ABR-12-2026-OGESS-BM/C-1,2026-07-24T16:43:00-05:00
ocds-dgv273-seacev3-1249309,ocds-dgv273-seacev3-1233937,PE-CONSUCODE-148,CP-ABR-2-2026-MDJ/C-1,2026-07-14T22:50:00-05:00
ocds-dgv273-seacev3-1231609,ocds-dgv273-seacev3-1231625,PE-CONSUCODE-1194,CP-ABR-5-2026-MDE/C--1,2026-07-06T23:53:00-05:00
ocds-dgv273-seacev3-1232569,ocds-dgv273-seacev3-1245322,PE-CONSUCODE-10398,CP-ABR-7-2026-RSHN/CS-1,2026-07-09T17:18:00-05:00
ocds-dgv273-seacev3-1239148,ocds-dgv273-seacev3-1233159,PE-CONSUCODE-143,LP-ABR-5-2026-MDRS/C-1-1,2026-07-13T11:57:00-05:00
ocds-dgv273-seacev3-1246198,ocds-dgv273-seacev3-1234100,PE-CONSUCODE-10248,RES-PROC-17-2026-MGP/DIRCOMAR-1,2026-07-15T13:00:00-05:00
ocds-dgv273-seacev3-2026-1403-5,ocds-dgv273-seacev3-1248519,PE-CONSUCODE-1403,LP-ABR-7-2026-MPH-M/CS-1,2026-07-13T19:29:00-05:00
ocds-dgv273-seacev3-1247396,ocds-dgv273-seacev3-1235167,PE-CONSUCODE-229,LP-ABR-1-2026-MDH/CS-1,2026-07-17T21:39:00-05:00
ocds-dgv273-seacev3-1234557,ocds-dgv273-seacev3-1244064,PE-CONSUCODE-200170,LP-ABR-1-2026-RSVM/CS-1,2026-07-17T16:51:00-05:00
ocds-dgv273-seacev3-1235040,ocds-dgv273-seacev3-1245142,PE-CONSUCODE-1850,COMPRE-COMPRE-24-2026-OC-DEC/MPJB-2,2026-07-20T18:35:00-05:00
ocds-dgv273-seacev3-1231081,ocds-dgv273-seacev3-1247926,PE-CONSUCODE-1312,SIE-SIE-1-2026-MDC/DEC-1,2026-07-03T18:49:00-05:00
ocds-dgv273-seacev3-1232311,ocds-dgv273-seacev3-1232321,PE-CONSUCODE-46,LP-ABR-7-2025-GRM-3,2026-07-08T19:14:00-05:00
ocds-dgv273-seacev3-1232682,ocds-dgv273-seacev3-1243642,PE-CONSUCODE-1731,LP-ABR-32-2026-MPSR-J-1,2026-07-10T18:55:00-05:00
ocds-dgv273-seacev3-1247181,ocds-dgv273-seacev3-1232580,PE-CONSUCODE-200432,CP SER-SM-1-2026-MDS/CS-1,2026-07-09T17:33:00-05:00
ocds-dgv273-seacev3-1237098,ocds-dgv273-seacev3-1244125,PE-CONSUCODE-1129,CP CON-SM-1-2026-MDLO/CS-1,2026-07-30T09:15:00-05:00
ocds-dgv273-seacev3-1237054,ocds-dgv273-seacev3-1243714,PE-CONSUCODE-1129,LP-SM-1-2026-2026-MDLO/CS -1-1,2026-07-24T23:43:00-05:00
ocds-dgv273-seacev3-1234883,ocds-dgv273-seacev3-1245130,PE-CONSUCODE-642,LP-SM-1-2026-MDLLP/CS-1,2026-07-17T16:20:00-05:00
ocds-dgv273-seacev3-1245056,ocds-dgv273-seacev3-1245130,PE-CONSUCODE-642,LP-SM-1-2026-MDLLP/CS-1,2026-07-17T16:20:00-05:00
ocds-dgv273-seacev3-1234796,ocds-dgv273-seacev3-1249047,PE-CONSUCODE-1374,LP-ABR-5-2026-MDQ/C-1,2026-07-17T21:05:00-05:00
ocds-dgv273-seacev3-2026-10182-20,ocds-dgv273-seacev3-1235726,PE-CONSUCODE-10182,CP-ABR-10-2026-DRELM-1,2026-07-20T19:31:00-05:00
ocds-dgv273-seacev3-1231262,ocds-dgv273-seacev3-1236852,PE-CONSUCODE-742,LP-ABR-17-2026-MPC/C-1,2026-07-16T16:02:00-05:00
ocds-dgv273-seacev3-1237160,ocds-dgv273-seacev3-1240957,PE-CONSUCODE-1691,LP-ABR-4-2026-MDP/CS-1,2026-07-31T23:10:00-05:00
ocds-dgv273-seacev3-1235036,ocds-dgv273-seacev3-1240028,PE-CONSUCODE-1566,LP-ABR-3-2026-MDFT/OBRAS-1,2026-07-17T17:36:00-05:00
ocds-dgv273-seacev3-1248586,ocds-dgv273-seacev3-1230872,PE-CONSUCODE-749,LP-ABR-33-2026-C-MPC-1,2026-07-03T14:59:00-05:00
ocds-dgv273-seacev3-1236018,ocds-dgv273-seacev3-1245718,PE-CONSUCODE-200363,LP Homologación-ABR-3-2026-CENARES/MINSA-1,2026-07-22T17:48:00-05:00
ocds-dgv273-seacev3-1236014,ocds-dgv273-seacev3-1240535,PE-CONSUCODE-1399,LP-ABR-2-2026-MDSCA/CS-1,2026-07-22T10:52:00-05:00
ocds-dgv273-seacev3-1247815,ocds-dgv273-seacev3-2026-200276-9,PE-CONSUCODE-200276,LP-SM-6-2026-OEFA-1,2026-07-21T18:51:00-05:00
ocds-dgv273-seacev3-1247521,ocds-dgv273-seacev3-1230869,PE-CONSUCODE-348,LP-ABR-3-2026-MDJEM/CS-1,2026-07-03T14:09:00-05:00
ocds-dgv273-seacev3-1234455,ocds-dgv273-seacev3-1237678,PE-CONSUCODE-534,LP-ABR-1-2026-MDS/ CS-1,2026-07-17T15:12:00-05:00
ocds-dgv273-seacev3-1250285,ocds-dgv273-seacev3-1231825,PE-CONSUCODE-200223,CP-ABR-14-2026-MDM-OC-1,2026-07-07T16:58:00-05:00
ocds-dgv273-seacev3-2026-622-6,ocds-dgv273-seacev3-1237993,PE-CONSUCODE-622,LP-ABR-1-2026-MDM/C-1,2026-07-01T17:52:00-05:00
ocds-dgv273-seacev3-1237014,ocds-dgv273-seacev3-1246841,PE-CONSUCODE-48,LP-SM-8-2026-GRP-GRI-C-LP-1-1,2026-07-24T20:36:00-05:00
ocds-dgv273-seacev3-1235162,ocds-dgv273-seacev3-1239113,PE-CONSUCODE-27,CP-ABR-5-2026-FUNC-ONPE-1,2026-07-17T22:48:00-05:00
ocds-dgv273-seacev3-1236880,ocds-dgv273-seacev3-1237243,PE-CONSUCODE-10249,RES-PROC-9-2026-CE2-FAP/SELEC-1,2026-07-24T16:59:00-05:00
ocds-dgv273-seacev3-1244239,ocds-dgv273-seacev3-1229936,PE-CONSUCODE-10248,CP-ABR-53-2026-MGP/DIRCOMAR-1,2026-07-01T09:41:00-05:00
ocds-dgv273-seacev3-1238798,ocds-dgv273-seacev3-1234140,PE-CONSUCODE-1913,CP-ABR-4-2026-UNASAM/C.-1,2026-07-15T16:14:00-05:00
ocds-dgv273-seacev3-1234916,ocds-dgv273-seacev3-1235679,PE-CONSUCODE-10008,LP-SM-1-2026-OC-HCLLH-1,2026-07-17T15:54:00-05:00
ocds-dgv273-seacev3-1243524,ocds-dgv273-seacev3-1250066,PE-CONSUCODE-2384,LP-ABR-15-2026-SEDAPAR-1,2026-07-06T14:32:00-05:00
ocds-dgv273-seacev3-2026-2384-46,ocds-dgv273-seacev3-1250066,PE-CONSUCODE-2384,LP-ABR-15-2026-SEDAPAR-1,2026-07-06T14:32:00-05:00
ocds-dgv273-seacev3-2026-10428-1,ocds-dgv273-seacev3-1249731,PE-CONSUCODE-10428,LP-ABR-1-2026-GRA-DREA/CS-1,2026-07-09T14:50:00-05:00
ocds-dgv273-seacev3-1249650,ocds-dgv273-seacev3-1233012,PE-CONSUCODE-10247,CP-ABR-16-2026-EP/UO 0770-1,2026-07-10T18:07:00-05:00
ocds-dgv273-seacev3-1230442,ocds-dgv273-seacev3-1243909,PE-CONSUCODE-1313,LP-ABR-4-2026-MDCH-1,2026-07-08T18:47:00-05:00
ocds-dgv273-seacev3-1236518,ocds-dgv273-seacev3-1248900,PE-CONSUCODE-50,LP-ABR-25-2026-GRSM/C-1,2026-07-22T20:52:00-05:00
ocds-dgv273-seacev3-1231042,ocds-dgv273-seacev3-1239000,PE-CONSUCODE-172,LP-ABR-3-2026-MDM/CS-1,2026-07-06T20:17:00-05:00
ocds-dgv273-seacev3-2026-1003011158-25,ocds-dgv273-seacev3-1237072,PE-CONSUCODE-201043,LP-SM-2-2026-MDVO-COMITE-1,2026-07-24T23:45:00-05:00
ocds-dgv273-seacev3-1250444,ocds-dgv273-seacev3-1235748,PE-CONSUCODE-200317,CP-ABR-3-2026-IVPMC/C-1,2026-07-21T15:00:00-05:00
ocds-dgv273-seacev3-1247583,ocds-dgv273-seacev3-1233730,PE-CONSUCODE-1609,CP CON-SM-1-2026-MDS-CS-1,2026-07-14T14:25:00-05:00
ocds-dgv273-seacev3-1234509,ocds-dgv273-seacev3-1249078,PE-CONSUCODE-10446,CP-ABR-4-2026-COPESCO/GRC-1,2026-07-16T15:38:00-05:00
ocds-dgv273-seacev3-1230423,ocds-dgv273-seacev3-1234323,PE-CONSUCODE-1599,LP-ABR-3-2026-MDP-C-2,2026-07-02T12:34:00-05:00
ocds-dgv273-seacev3-1234778,ocds-dgv273-seacev3-1237126,PE-CONSUCODE-1191,LP-ABR-16-2026-MPT/C-1,2026-07-20T17:39:00-05:00
ocds-dgv273-seacev3-1236986,ocds-dgv273-seacev3-1237126,PE-CONSUCODE-1191,LP-ABR-16-2026-MPT/C-1,2026-07-20T17:39:00-05:00
ocds-dgv273-seacev3-1231621,ocds-dgv273-seacev3-1246725,PE-CONSUCODE-10247,LP-ABR-1-2026-EP/UO 6998-1,2026-07-07T16:30:00-05:00
ocds-dgv273-seacev3-1236227,ocds-dgv273-seacev3-1246004,PE-CONSUCODE-1172,LP-ABR-10-2026-MPYLO/OBRA-1,2026-07-24T12:57:00-05:00
ocds-dgv273-seacev3-2026-705-38,ocds-dgv273-seacev3-1247734,PE-CONSUCODE-705,LP-ABR-9-2026-MDSJL/C-1,2026-07-30T20:39:00-05:00
ocds-dgv273-seacev3-1230316,ocds-dgv273-seacev3-1249777,PE-CONSUCODE-33,LP-ABR-8-2026-GRA-CS-1,2026-07-01T20:01:00-05:00
ocds-dgv273-seacev3-1237779,ocds-dgv273-seacev3-1241946,PE-CONSUCODE-10483,LP-ABR-2-2026-RED SALUD JAUJA-1,2026-07-31T18:21:00-05:00
ocds-dgv273-seacev3-1237551,ocds-dgv273-seacev3-1246601,PE-CONSUCODE-200723,LP-ABR-1-2026-UGEL HUANUCO-2,2026-07-31T10:44:00-05:00
ocds-dgv273-seacev3-1233289,ocds-dgv273-seacev3-1249794,PE-CONSUCODE-916,LP-ABR-3-2026-MDP/C-1,2026-07-13T16:27:00-05:00
ocds-dgv273-seacev3-1248460,ocds-dgv273-seacev3-1231943,PE-CONSUCODE-35,CP SER-SM-21-2026-GRA-SEDECENTRAL-1,2026-07-07T19:34:00-05:00
ocds-dgv273-seacev3-1249657,ocds-dgv273-seacev3-1232329,PE-CONSUCODE-2009,LP-ABR-18-2026-GRAP/C-2,2026-07-08T19:20:00-05:00
ocds-dgv273-seacev3-1240172,ocds-dgv273-seacev3-1232638,PE-CONSUCODE-345,LP-SM-2-2025-MPA-CS-1,2026-07-13T21:25:00-05:00
ocds-dgv273-seacev3-1235667,ocds-dgv273-seacev3-1237922,PE-CONSUCODE-200019,CP-ABR-7-2026-MTC/20.-1,2026-07-21T11:46:00-05:00
ocds-dgv273-seacev3-1237417,ocds-dgv273-seacev3-1239897,PE-CONSUCODE-42,CP-ABR-23-2026-GRLL-GRCO-1,2026-07-22T20:08:00-05:00
ocds-dgv273-seacev3-1236503,ocds-dgv273-seacev3-1239897,PE-CONSUCODE-42,CP-ABR-23-2026-GRLL-GRCO-1,2026-07-22T20:08:00-05:00
ocds-dgv273-seacev3-1234302,ocds-dgv273-seacev3-1248033,PE-CONSUCODE-10432,LP-ABR-1-2026-GR-CAJ.GSR.C-1,2026-07-15T19:04:00-05:00
ocds-dgv273-seacev3-1234320,ocds-dgv273-seacev3-1247432,PE-CONSUCODE-10247,LP-ABR-1-2026-EP/UO EMCH-1,2026-07-15T22:42:00-05:00
ocds-dgv273-seacev3-1233729,ocds-dgv273-seacev3-1235345,PE-CONSUCODE-1044,LP-ABR-1-2026-MDGP-1,2026-07-14T19:04:00-05:00
ocds-dgv273-seacev3-1232757,ocds-dgv273-seacev3-1233683,PE-CONSUCODE-2557,LP-SM-1-2026-OSITRAN-1,2026-07-09T22:56:00-05:00
ocds-dgv273-seacev3-1246620,ocds-dgv273-seacev3-1230588,PE-CONSUCODE-850,LP-ABR-5-2026-MPU/CS-2,2026-07-02T16:51:00-05:00
ocds-dgv273-seacev3-1247671,ocds-dgv273-seacev3-1235024,PE-CONSUCODE-202225,CP-ABR-8-2026-EPS MARAÑON S.A-1,2026-07-17T17:36:00-05:00
ocds-dgv273-seacev3-1246613,ocds-dgv273-seacev3-2026-1049-3,PE-CONSUCODE-1049,LP-ABR-4-2026-MDTM-CS-1,2026-07-01T14:29:00-05:00
ocds-dgv273-seacev3-1246572,ocds-dgv273-seacev3-1235089,PE-CONSUCODE-1194,LP-ABR-5-2026-MDE/C--1,2026-07-17T23:09:00-05:00
ocds-dgv273-seacev3-1236263,ocds-dgv273-seacev3-1247028,PE-CONSUCODE-1651,LP-ABR-2-2026-MDA/C-1-1,2026-07-22T16:45:00-05:00
ocds-dgv273-seacev3-1233257,ocds-dgv273-seacev3-1236009,PE-CONSUCODE-200252,CP-ABR-31-2026-IVP-MPA-1,2026-07-13T14:26:00-05:00
ocds-dgv273-seacev3-1237108,ocds-dgv273-seacev3-1237996,PE-CONSUCODE-10248,LP-ABR-2-2026-DISAMAR/LOGISTI-1,2026-07-30T22:59:00-05:00
ocds-dgv273-seacev3-1236164,ocds-dgv273-seacev3-1244390,PE-CONSUCODE-2389,LP-ABR-1-2026-EMAPA-HVCA/CS-1,2026-07-22T16:53:00-05:00
ocds-dgv273-seacev3-1239486,ocds-dgv273-seacev3-1233123,PE-CONSUCODE-35,LP-SM-6-2026-GRA-SEDECENTRAL-1,2026-07-10T21:48:00-05:00
ocds-dgv273-seacev3-1232899,ocds-dgv273-seacev3-1235026,PE-CONSUCODE-2600,LP-ABR-6-2026-CONADIS-2,2026-07-16T17:15:00-05:00
ocds-dgv273-seacev3-1249373,ocds-dgv273-seacev3-1235377,PE-CONSUCODE-614,LP-ABR-10-2026-MPC-1,2026-07-22T10:25:00-05:00
ocds-dgv273-seacev3-1248893,ocds-dgv273-seacev3-1235249,PE-CONSUCODE-2361,LP-ABR-1-2026-EPS EMAPAB SA-1,2026-07-21T11:13:00-05:00
ocds-dgv273-seacev3-1235335,ocds-dgv273-seacev3-1246423,PE-CONSUCODE-42,LP-ABR-10-2026-GRLL-GRCO-1,2026-07-20T17:26:00-05:00
ocds-dgv273-seacev3-2026-10246-32,ocds-dgv273-seacev3-1233657,PE-CONSUCODE-10246,LP-ABR-19-2026-MD-CCFFAA-1,2026-07-08T18:29:00-05:00
ocds-dgv273-seacev3-1232953,ocds-dgv273-seacev3-1243711,PE-CONSUCODE-200117,LP-ABR-10-2026-UEHAL-1,2026-07-14T16:03:00-05:00
ocds-dgv273-seacev3-1243245,ocds-dgv273-seacev3-1242251,PE-CONSUCODE-1244,LP-ABR-1-2026-MDSCH/CS-1,2026-07-09T19:39:00-05:00
ocds-dgv273-seacev3-1232009,ocds-dgv273-seacev3-1242251,PE-CONSUCODE-1244,LP-ABR-1-2026-MDSCH/CS-1,2026-07-09T19:39:00-05:00
ocds-dgv273-seacev3-1245458,ocds-dgv273-seacev3-1242251,PE-CONSUCODE-1244,LP-ABR-1-2026-MDSCH/CS-1,2026-07-09T19:39:00-05:00
ocds-dgv273-seacev3-1242162,ocds-dgv273-seacev3-1242251,PE-CONSUCODE-1244,LP-ABR-1-2026-MDSCH/CS-1,2026-07-09T19:39:00-05:00
ocds-dgv273-seacev3-1231046,ocds-dgv273-seacev3-1235836,PE-CONSUCODE-10198,LP-ABR-29-2026-INSN-1,2026-07-03T18:07:00-05:00
ocds-dgv273-seacev3-1235043,ocds-dgv273-seacev3-1240510,PE-CONSUCODE-10362,CP SER-SM-4-2026-P.E.CHINECAS-C-1,2026-07-17T23:58:00-05:00
ocds-dgv273-seacev3-1242519,ocds-dgv273-seacev3-1245719,PE-CONSUCODE-10141,CP-ABR-12-2026-DEVIDA-1,2026-07-17T18:41:00-05:00
ocds-dgv273-seacev3-2026-10141-63,ocds-dgv273-seacev3-1245719,PE-CONSUCODE-10141,CP-ABR-12-2026-DEVIDA-1,2026-07-17T18:41:00-05:00
ocds-dgv273-seacev3-1234032,ocds-dgv273-seacev3-1235846,PE-CONSUCODE-132,LP-ABR-1-2026-MDH-1,2026-07-15T17:11:00-05:00
ocds-dgv273-seacev3-1234053,ocds-dgv273-seacev3-1234899,PE-CONSUCODE-45,LP-ABR-56-2026-GOREMAD/OC-1,2026-07-15T18:50:00-05:00
ocds-dgv273-seacev3-1233588,ocds-dgv273-seacev3-1244591,PE-CONSUCODE-1341,CP-ABR-6-2026-C/MDSMP-2,2026-07-13T23:05:00-05:00
ocds-dgv273-seacev3-1233119,ocds-dgv273-seacev3-1243486,PE-CONSUCODE-205511,CP-ABR-4-2025-OEDI-2,2026-07-10T21:04:00-05:00
ocds-dgv273-seacev3-1236669,ocds-dgv273-seacev3-1237567,PE-CONSUCODE-10007,LP-ABR-6-2026-HONADOMANI-SB-1,2026-07-24T08:09:00-05:00
ocds-dgv273-seacev3-1233424,ocds-dgv273-seacev3-1247895,PE-CONSUCODE-10456,CP-ABR-12-2026-C.S.DIRESA-HVCA-1,2026-07-13T18:51:00-05:00
ocds-dgv273-seacev3-1246118,ocds-dgv273-seacev3-1236064,PE-CONSUCODE-1341,LP-ABR-19-2026-C/MDSMP-1,2026-07-21T23:59:00-05:00
ocds-dgv273-seacev3-1236055,ocds-dgv273-seacev3-1236064,PE-CONSUCODE-1341,LP-ABR-19-2026-C/MDSMP-1,2026-07-21T23:59:00-05:00
ocds-dgv273-seacev3-1234843,ocds-dgv273-seacev3-1233399,PE-CONSUCODE-10401,LP-SM-2-2026-GRA/GRI/DRTC/C-1,2026-07-14T18:40:00-05:00
ocds-dgv273-seacev3-1247757,ocds-dgv273-seacev3-1231580,PE-CONSUCODE-1337,LP-ABR-10-2026-MSI-CE-1,2026-07-06T20:34:00-05:00
ocds-dgv273-seacev3-1230214,ocds-dgv273-seacev3-1244513,PE-CONSUCODE-199,LP-ABR-4-2026-MDY/CS-1,2026-07-02T16:56:00-05:00
ocds-dgv273-seacev3-1236971,ocds-dgv273-seacev3-1240362,PE-CONSUCODE-461,CP-ABR-3-2026-CS/MPC-2,2026-07-24T18:20:00-05:00
ocds-dgv273-seacev3-1234298,ocds-dgv273-seacev3-1237984,PE-CONSUCODE-200209,LP-ABR-6-2026-MDA/CS-1,2026-07-15T23:51:00-05:00
ocds-dgv273-seacev3-2026-1117-8,ocds-dgv273-seacev3-1244903,PE-CONSUCODE-1117,LP-SM-2-2026-C/MPJ-1,2026-07-21T19:28:00-05:00
ocds-dgv273-seacev3-1233247,ocds-dgv273-seacev3-1240607,PE-CONSUCODE-1299,LP-SM-1-2026-MDM/CS-1,2026-07-14T21:33:00-05:00
ocds-dgv273-seacev3-1237495,ocds-dgv273-seacev3-1238006,PE-CONSUCODE-426,LP-SM-1-2026-MPC-1,2026-07-30T23:51:00-05:00
ocds-dgv273-seacev3-1230437,ocds-dgv273-seacev3-1244250,PE-CONSUCODE-10141,LP-ABR-14-2026-DEVIDA-1,2026-07-02T16:04:00-05:00
ocds-dgv273-seacev3-1237696,ocds-dgv273-seacev3-1242511,PE-CONSUCODE-716,LP-ABR-1-2026-MDUAB/CS-1,2026-07-31T20:37:00-05:00
ocds-dgv273-seacev3-1232441,ocds-dgv273-seacev3-1235190,PE-CONSUCODE-1062,LP-ABR-4-2026-C-MDH-1,2026-07-10T14:58:00-05:00
ocds-dgv273-seacev3-1243406,ocds-dgv273-seacev3-1231878,PE-CONSUCODE-2383,LP-SM-9-2026-SEDAPAL-1,2026-07-13T10:53:00-05:00
ocds-dgv273-seacev3-1241449,ocds-dgv273-seacev3-1231878,PE-CONSUCODE-2383,LP-SM-9-2026-SEDAPAL-1,2026-07-13T10:53:00-05:00
ocds-dgv273-seacev3-2026-200388-4,ocds-dgv273-seacev3-1245092,PE-CONSUCODE-200388,LP-ABR-3-2026-RSDM/OC-2,2026-07-15T23:22:00-05:00
ocds-dgv273-seacev3-1230422,ocds-dgv273-seacev3-1244018,PE-CONSUCODE-1307,LP-ABR-25-2026-MML-OGA-OL-1,2026-07-06T19:02:00-05:00
ocds-dgv273-seacev3-1234120,ocds-dgv273-seacev3-1235833,PE-CONSUCODE-2543,SIE-SIE-37-2026-ESSALUD/CEABE-1,2026-07-15T16:05:00-05:00
ocds-dgv273-seacev3-1230384,ocds-dgv273-seacev3-1232729,PE-CONSUCODE-1602,LP-ABR-1-2026-MDS-1,2026-07-02T16:58:00-05:00
ocds-dgv273-seacev3-1237931,ocds-dgv273-seacev3-1245724,PE-CONSUCODE-735,CP-ABR-2-2026-MPSM-1,2026-07-31T20:09:00-05:00
ocds-dgv273-seacev3-1243869,ocds-dgv273-seacev3-1232978,PE-CONSUCODE-2392,CP-ABR-19-2026-ELECTRO UCAYALI-1,2026-07-10T16:16:00-05:00
ocds-dgv273-seacev3-2026-108049-3,ocds-dgv273-seacev3-1240522,PE-CONSUCODE-202745,CP-ABR-1-2026-UERST-C-3,2026-07-14T19:15:00-05:00
ocds-dgv273-seacev3-1231737,ocds-dgv273-seacev3-1232432,PE-CONSUCODE-425,LP-ABR-11-2026-MDJLBYR-2,2026-07-07T15:04:00-05:00
ocds-dgv273-seacev3-1232428,ocds-dgv273-seacev3-1236381,PE-CONSUCODE-28,LP-ABR-1-2026-CS-CSJPPV-PJ-1,2026-07-09T13:02:00-05:00
ocds-dgv273-seacev3-1244818,ocds-dgv273-seacev3-2026-200202-21,PE-CONSUCODE-200202,CP-ABR-3-2026-RSH-1,2026-07-09T21:38:00-05:00
ocds-dgv273-seacev3-2026-330-1,ocds-dgv273-seacev3-1242528,PE-CONSUCODE-330,LP-ABR-3-2026-MDH-1,2026-07-21T19:45:00-05:00
ocds-dgv273-seacev3-1232837,ocds-dgv273-seacev3-1238097,PE-CONSUCODE-1182,CP-ABR-3-2026-MPCH-1,2026-07-13T17:43:00-05:00
ocds-dgv273-seacev3-1231469,ocds-dgv273-seacev3-1243937,PE-CONSUCODE-1691,LP-SM-1-2026-MDP/CS-1,2026-07-31T23:10:00-05:00
ocds-dgv273-seacev3-1243819,ocds-dgv273-seacev3-1231657,PE-CONSUCODE-200533,CP-ABR-4-2026-RSDM-1,2026-07-08T10:28:00-05:00
ocds-dgv273-seacev3-1231136,ocds-dgv273-seacev3-1235093,PE-CONSUCODE-46,LP-ABR-19-2026-GRM-1,2026-07-03T21:50:00-05:00
ocds-dgv273-seacev3-1233387,ocds-dgv273-seacev3-1234982,PE-CONSUCODE-204890,LP-ABR-5-2026-CS-MDB-1,2026-07-13T17:50:00-05:00
ocds-dgv273-seacev3-2026-2384-45,ocds-dgv273-seacev3-1242186,PE-CONSUCODE-2384,LP-ABR-17-2026-SEDAPAR-1,2026-07-02T07:21:00-05:00
ocds-dgv273-seacev3-1233887,ocds-dgv273-seacev3-1240961,PE-CONSUCODE-1268,LP-SM-1-2026-MDL-CS-1,2026-07-15T14:25:00-05:00
ocds-dgv273-seacev3-1238924,ocds-dgv273-seacev3-1240219,PE-CONSUCODE-1994,CP-ABR-2-2026-SENAMHI-1,2026-07-16T15:29:00-05:00
ocds-dgv273-seacev3-1234514,ocds-dgv273-seacev3-1240219,PE-CONSUCODE-1994,CP-ABR-2-2026-SENAMHI-1,2026-07-16T15:29:00-05:00
ocds-dgv273-seacev3-1237965,ocds-dgv273-seacev3-1241739,PE-CONSUCODE-53,CP-ABR-54-2026-GRU-GR-C-1,2026-07-31T21:03:00-05:00
ocds-dgv273-seacev3-1233690,ocds-dgv273-seacev3-1238696,PE-CONSUCODE-392,CP-ABR-2-2026-MDO-2,2026-07-14T15:02:00-05:00
ocds-dgv273-seacev3-1236003,ocds-dgv273-seacev3-1241332,PE-CONSUCODE-1157,CP-ABR-6-2026-MDLL/C-1,2026-07-21T20:49:00-05:00
ocds-dgv273-seacev3-1231598,ocds-dgv273-seacev3-1238327,PE-CONSUCODE-53,LP-SM-24-2026-GRU-GR-C-1,2026-07-07T18:33:00-05:00
ocds-dgv273-seacev3-1230108,ocds-dgv273-seacev3-1235580,PE-CONSUCODE-689,LP-ABR-5-2026-MDB/C-1,2026-07-01T16:52:00-05:00
ocds-dgv273-seacev3-1241338,ocds-dgv273-seacev3-1244790,PE-CONSUCODE-271,LP-ABR-3-2026-MDCP/C-1,2026-07-13T22:06:00-05:00
ocds-dgv273-seacev3-1233458,ocds-dgv273-seacev3-1244790,PE-CONSUCODE-271,LP-ABR-3-2026-MDCP/C-1,2026-07-13T22:06:00-05:00
ocds-dgv273-seacev3-1232468,ocds-dgv273-seacev3-1236004,PE-CONSUCODE-10247,CP-ABR-1-2026-EP/UO 0735-2,2026-07-09T12:01:00-05:00
ocds-dgv273-seacev3-1238039,ocds-dgv273-seacev3-1240070,PE-CONSUCODE-1878,LP-ABR-1-2026-MDS/C.-1,2026-07-16T14:16:00-05:00
ocds-dgv273-seacev3-1234367,ocds-dgv273-seacev3-1240070,PE-CONSUCODE-1878,LP-ABR-1-2026-MDS/C.-1,2026-07-16T14:16:00-05:00
ocds-dgv273-seacev3-1235201,ocds-dgv273-seacev3-1241312,PE-CONSUCODE-742,LP-ABR-15-2026-MPC-CS-1-2,2026-07-17T21:29:00-05:00
ocds-dgv273-seacev3-1232056,ocds-dgv273-seacev3-2026-276-9,PE-CONSUCODE-276,LP-ABR-5-2026-MDS/CS-1,2026-07-08T14:24:00-05:00
ocds-dgv273-seacev3-1237089,ocds-dgv273-seacev3-1239707,PE-CONSUCODE-1210,LP-ABR-1-2026-MDC/CS-1,2026-07-30T19:06:00-05:00
ocds-dgv273-seacev3-1237250,ocds-dgv273-seacev3-1243024,PE-CONSUCODE-634,SIE-SIE-4-2026-MDH/OEC-1,2026-07-30T15:05:00-05:00
ocds-dgv273-seacev3-1235665,ocds-dgv273-seacev3-1236716,PE-CONSUCODE-10490,LP-ABR-3-2026-GRLL-GGR-GRTC-C-1,2026-07-20T11:47:00-05:00
ocds-dgv273-seacev3-1234828,ocds-dgv273-seacev3-1236716,PE-CONSUCODE-10490,LP-ABR-3-2026-GRLL-GGR-GRTC-C-1,2026-07-20T11:47:00-05:00
ocds-dgv273-seacev3-1234421,ocds-dgv273-seacev3-1235032,PE-CONSUCODE-200302,CP-ABR-65-2026-II-DIRTEPOL-CHICLAYO-1,2026-07-16T10:18:00-05:00
ocds-dgv273-seacev3-1237896,ocds-dgv273-seacev3-1240346,PE-CONSUCODE-1341,LP-ABR-20-2026-C/MDSMP-1,2026-07-31T20:24:00-05:00
ocds-dgv273-seacev3-1243495,ocds-dgv273-seacev3-1231446,PE-CONSUCODE-1850,LP-ABR-9-2026-CS/MPJB-2,2026-07-06T17:09:00-05:00
ocds-dgv273-seacev3-1235502,ocds-dgv273-seacev3-1238811,PE-CONSUCODE-289,CP-ABR-2-2026-MPY/C.-1,2026-07-20T19:22:00-05:00
ocds-dgv273-seacev3-1242969,ocds-dgv273-seacev3-1230983,PE-CONSUCODE-1556,LP-ABR-1-2026-HMPP/BIENES-1,2026-07-03T18:16:00-05:00
ocds-dgv273-seacev3-2026-1617-2,ocds-dgv273-seacev3-1245882,PE-CONSUCODE-1617,RES-PROC-2-2026-MDSCM-CE-1,2026-08-27T15:30:00-05:00
ocds-dgv273-seacev3-2026-2381-29,ocds-dgv273-seacev3-1239695,PE-CONSUCODE-2381,LP-ABR-7-2026-EPS GRAU SA-GG-1,2026-07-22T18:00:00-05:00
ocds-dgv273-seacev3-1237872,ocds-dgv273-seacev3-1239117,PE-CONSUCODE-200198,CP-ABR-15-2026-UNAJMA-1,2026-07-31T18:50:00-05:00
ocds-dgv273-seacev3-1232548,ocds-dgv273-seacev3-1242533,PE-CONSUCODE-171,LP-ABR-2-2026-MDCH-1,2026-07-10T19:17:00-05:00
ocds-dgv273-seacev3-1231631,ocds-dgv273-seacev3-1236807,PE-CONSUCODE-204690,LP-ABR-4-2026-CS/MDL-1,2026-07-07T21:47:00-05:00
ocds-dgv273-seacev3-1231117,ocds-dgv273-seacev3-1238340,PE-CONSUCODE-1784,LP-ABR-11-2026-MPR/C-1,2026-07-03T20:36:00-05:00
ocds-dgv273-seacev3-1231343,ocds-dgv273-seacev3-1244129,PE-CONSUCODE-278,CP-ABR-52-2026-MDNCH/C-1,2026-07-06T22:56:00-05:00
ocds-dgv273-seacev3-1236066,ocds-dgv273-seacev3-1239319,PE-CONSUCODE-33,CP-ABR-17-2026-GRA/CS-1,2026-07-21T23:46:00-05:00
ocds-dgv273-seacev3-2026-21-10,ocds-dgv273-seacev3-1233701,PE-CONSUCODE-21,CP-ABR-16-2026-RE-1,2026-07-01T18:52:00-05:00
ocds-dgv273-seacev3-1234332,ocds-dgv273-seacev3-1240620,PE-CONSUCODE-1244,LP-ABR-3-2026-MDSCH/CS-1,2026-07-17T20:57:00-05:00
ocds-dgv273-seacev3-2026-1992-5,ocds-dgv273-seacev3-1234293,PE-CONSUCODE-1992,CP-ABR-2-2026-DINI-1,2026-07-06T16:59:00-05:00
ocds-dgv273-seacev3-1236536,ocds-dgv273-seacev3-1236573,PE-CONSUCODE-10247,COMPRE-COMPRE-6-2026-EP/UO 0870-1,2026-07-22T22:30:00-05:00
ocds-dgv273-seacev3-1234601,ocds-dgv273-seacev3-1235310,PE-CONSUCODE-200302,CP-ABR-24-2026-II-DIRTEPOL-CHICLAYO-5,2026-07-16T16:28:00-05:00
ocds-dgv273-seacev3-1235609,ocds-dgv273-seacev3-1237981,PE-CONSUCODE-1234,LP-ABR-3-2026-MDCH/CS-1,2026-07-08T22:57:00-05:00
ocds-dgv273-seacev3-2026-1234-5,ocds-dgv273-seacev3-1237981,PE-CONSUCODE-1234,LP-ABR-3-2026-MDCH/CS-1,2026-07-08T22:57:00-05:00
ocds-dgv273-seacev3-1232675,ocds-dgv273-seacev3-1237981,PE-CONSUCODE-1234,LP-ABR-3-2026-MDCH/CS-1,2026-07-08T22:57:00-05:00
ocds-dgv273-seacev3-1237252,ocds-dgv273-seacev3-1231242,PE-CONSUCODE-1179,SIE-SIE-1-2026-MDSRS/DEC-1,2026-07-06T11:19:00-05:00
ocds-dgv273-seacev3-1232858,ocds-dgv273-seacev3-1237208,PE-CONSUCODE-1179,LP-ABR-5-2026-MDSRS/CS-1,2026-07-16T15:29:00-05:00
ocds-dgv273-seacev3-1230553,ocds-dgv273-seacev3-1233423,PE-CONSUCODE-799,LP-ABR-2-2026-C-MDC-1,2026-07-02T17:21:00-05:00
ocds-dgv273-seacev3-1234381,ocds-dgv273-seacev3-1238306,PE-CONSUCODE-415,LP-ABR-3-2026-MDSRS-1,2026-07-16T19:09:00-05:00
ocds-dgv273-seacev3-1234782,ocds-dgv273-seacev3-1236050,PE-CONSUCODE-200377,LP-ABR-4-2026-MDY/CS-1,2026-07-16T23:14:00-05:00
ocds-dgv273-seacev3-2026-200192-91,ocds-dgv273-seacev3-1242715,PE-CONSUCODE-200192,LP-ABR-6-2026-ELCTO S.A.-1,2026-07-31T15:25:00-05:00
ocds-dgv273-seacev3-1236791,ocds-dgv273-seacev3-1241730,PE-CONSUCODE-688,CP-ABR-4-2026-MPJ/CS-2,2026-07-24T12:50:00-05:00
ocds-dgv273-seacev3-2026-2009-100,ocds-dgv273-seacev3-1242517,PE-CONSUCODE-2009,CP-ABR-24-2026-GRAP/OC-1,2026-07-06T12:47:00-05:00
ocds-dgv273-seacev3-1233670,ocds-dgv273-seacev3-1236339,PE-CONSUCODE-10247,COMPRE-COMPRE-1-2026-EP/UO 0785-1,2026-07-16T14:57:00-05:00
ocds-dgv273-seacev3-1241793,ocds-dgv273-seacev3-1233608,PE-CONSUCODE-334,CP-ABR-3-2026-MDP/CS-3,2026-07-14T09:48:00-05:00
ocds-dgv273-seacev3-1236689,ocds-dgv273-seacev3-1242167,PE-CONSUCODE-1568,LP-ABR-4-2026-MDY/OBRAS-1,2026-07-24T12:01:00-05:00
ocds-dgv273-seacev3-1230063,ocds-dgv273-seacev3-1238737,PE-CONSUCODE-689,LP-ABR-4-2026-MDB/C-1,2026-07-01T15:06:00-05:00
ocds-dgv273-seacev3-1233584,ocds-dgv273-seacev3-1236535,PE-CONSUCODE-646,LP-ABR-2-2026-MDG-2,2026-07-13T22:54:00-05:00
ocds-dgv273-seacev3-1235446,ocds-dgv273-seacev3-1239779,PE-CONSUCODE-436,LP-ABR-4-2026-MDA-1,2026-07-20T20:12:00-05:00
ocds-dgv273-seacev3-1234380,ocds-dgv273-seacev3-1235292,PE-CONSUCODE-224,LP-ABR-181-2026-MDSM/CS-1,2026-07-16T16:35:00-05:00
ocds-dgv273-seacev3-1235412,ocds-dgv273-seacev3-1239741,PE-CONSUCODE-204671,LP-ABR-1-2026-PGE-1,2026-07-21T14:58:00-05:00
ocds-dgv273-seacev3-1237452,ocds-dgv273-seacev3-1242777,PE-CONSUCODE-1391,CP-ABR-8-2026-MPH/C-1,2026-07-30T19:48:00-05:00
ocds-dgv273-seacev3-2026-10615-26,ocds-dgv273-seacev3-1239998,PE-CONSUCODE-10615,CP-ABR-20-2026-GRU-DRTCU-CPA-1,2026-07-31T12:01:00-05:00
ocds-dgv273-seacev3-1241164,ocds-dgv273-seacev3-2026-1596-6,PE-CONSUCODE-1596,CP-ABR-1-2026-MDL-C-1,2026-07-01T22:07:00-05:00
ocds-dgv273-seacev3-1238883,ocds-dgv273-seacev3-1242009,PE-CONSUCODE-1205,LP-ABR-1-2026-MDC-CS-1,2026-07-17T10:28:00-05:00
ocds-dgv273-seacev3-1233473,ocds-dgv273-seacev3-1242009,PE-CONSUCODE-1205,LP-ABR-1-2026-MDC-CS-1,2026-07-17T10:28:00-05:00
ocds-dgv273-seacev3-1233271,ocds-dgv273-seacev3-1238401,PE-CONSUCODE-773,LP-ABR-11-2026-MPC-1,2026-07-22T17:15:00-05:00
ocds-dgv273-seacev3-1231106,ocds-dgv273-seacev3-1236334,PE-CONSUCODE-202205,CP-ABR-1-2026-MDN-C-1,2026-07-03T19:18:00-05:00
ocds-dgv273-seacev3-1236698,ocds-dgv273-seacev3-1241827,PE-CONSUCODE-1568,LP-ABR-3-2026-MDY/OBRAS-1,2026-07-24T12:02:00-05:00
ocds-dgv273-seacev3-1236141,ocds-dgv273-seacev3-2026-9-11,PE-CONSUCODE-9,CP-ABR-6-2026-DP-1,2026-07-21T20:23:00-05:00
ocds-dgv273-seacev3-1233340,ocds-dgv273-seacev3-1239484,PE-CONSUCODE-223,SIE-SIE-1-2026-MDR/EVALUADOR-2,2026-07-14T09:12:00-05:00
ocds-dgv273-seacev3-1235388,ocds-dgv273-seacev3-1239003,PE-CONSUCODE-10049,LP-ABR-8-2026-GRP/PRADERA/CS-1,2026-07-20T22:55:00-05:00
ocds-dgv273-seacev3-1230510,ocds-dgv273-seacev3-1239844,PE-CONSUCODE-200244,LP-ABR-20-2026-OC/UNAM-1,2026-07-09T20:11:00-05:00
ocds-dgv273-seacev3-1242124,ocds-dgv273-seacev3-1239844,PE-CONSUCODE-200244,LP-ABR-20-2026-OC/UNAM-1,2026-07-09T20:11:00-05:00
ocds-dgv273-seacev3-1230015,ocds-dgv273-seacev3-1235599,PE-CONSUCODE-1820,LP-ABR-1-2026-MDSH/CS-1,2026-07-02T15:39:00-05:00
ocds-dgv273-seacev3-1230617,ocds-dgv273-seacev3-1232073,PE-CONSUCODE-50,CP-ABR-8-2026-GRSM/C-1,2026-07-02T19:53:00-05:00
ocds-dgv273-seacev3-1242758,ocds-dgv273-seacev3-1232956,PE-CONSUCODE-885,LP-ABR-3-2026-MDC/C-2,2026-07-02T18:10:00-05:00
ocds-dgv273-seacev3-1230641,ocds-dgv273-seacev3-1232956,PE-CONSUCODE-885,LP-ABR-3-2026-MDC/C-2,2026-07-02T18:10:00-05:00
ocds-dgv273-seacev3-1232982,ocds-dgv273-seacev3-1238535,PE-CONSUCODE-200213,LP-ABR-1-2026-MDMC/CS-1,2026-07-14T12:26:00-05:00
ocds-dgv273-seacev3-1237501,ocds-dgv273-seacev3-1233989,PE-CONSUCODE-1726,SIE-SIE-2-2026-MDP/OC-1,2026-07-14T22:44:00-05:00
ocds-dgv273-seacev3-1241468,ocds-dgv273-seacev3-1235691,PE-CONSUCODE-200154,LP-ABR-36-2026-RPSA-1,2026-07-21T12:19:00-05:00
ocds-dgv273-seacev3-1229806,ocds-dgv273-seacev3-1234970,PE-CONSUCODE-1549,LP-ABR-1-2026-CE/MDP-BIEN-1,2026-07-01T18:23:00-05:00
ocds-dgv273-seacev3-1241962,ocds-dgv273-seacev3-1236242,PE-CONSUCODE-1271,CP-ABR-10-2026-MPV/COM-1,2026-07-22T16:38:00-05:00
ocds-dgv273-seacev3-1236261,ocds-dgv273-seacev3-1238328,PE-CONSUCODE-200385,CP-ABR-1-2026-MDC/CS-1,2026-07-22T18:06:00-05:00
ocds-dgv273-seacev3-1240380,ocds-dgv273-seacev3-2026-1729-2,PE-CONSUCODE-1729,LP-ABR-2-2026-MDY-C-1,2026-07-30T22:59:00-05:00
ocds-dgv273-seacev3-1230778,ocds-dgv273-seacev3-1238331,PE-CONSUCODE-200261,LP-ABR-5-2026-AGRORUR-UZMDD-1,2026-07-03T00:11:00-05:00
ocds-dgv273-seacev3-1240379,ocds-dgv273-seacev3-2026-1729-1,PE-CONSUCODE-1729,LP-ABR-1-2026-MDY-C-1,2026-07-30T22:46:00-05:00
ocds-dgv273-seacev3-1230941,ocds-dgv273-seacev3-1237770,PE-CONSUCODE-200494,CP-ABR-9-2026-IVPSM/CS-2,2026-07-03T15:38:00-05:00
ocds-dgv273-seacev3-1233243,ocds-dgv273-seacev3-1234896,PE-CONSUCODE-1391,CP-ABR-7-2026-MPH/C-1,2026-07-16T23:41:00-05:00
ocds-dgv273-seacev3-1231732,ocds-dgv273-seacev3-1234223,PE-CONSUCODE-201,LP-ABR-3-2026-MDBA/C-1-3,2026-07-07T14:57:00-05:00
ocds-dgv273-seacev3-1231463,ocds-dgv273-seacev3-1232892,PE-CONSUCODE-755,LP-ABR-1-2026-MDS-C-3,2026-07-06T17:01:00-05:00
ocds-dgv273-seacev3-1241639,ocds-dgv273-seacev3-1235063,PE-CONSUCODE-200467,CP-ABR-1-2026-UGEL/SM-1,2026-07-17T21:58:00-05:00
ocds-dgv273-seacev3-1232051,ocds-dgv273-seacev3-1237269,PE-CONSUCODE-1852,SIE-SIE-16-2026-OC-MDI-1,2026-07-08T15:35:00-05:00
ocds-dgv273-seacev3-1236247,ocds-dgv273-seacev3-1231717,PE-CONSUCODE-1850,LP-ABR-20-2026-CS/MPJB-1,2026-07-07T17:57:00-05:00
ocds-dgv273-seacev3-1234751,ocds-dgv273-seacev3-1238010,PE-CONSUCODE-1320,LP-ABR-18-2026-MDLM-1,2026-07-17T00:49:00-05:00
ocds-dgv273-seacev3-1235535,ocds-dgv273-seacev3-2026-2543-224,PE-CONSUCODE-2543,INTER-PROC-11-2026-ESSALUD/CEABE-1,2026-07-20T21:57:00-05:00
ocds-dgv273-seacev3-1233382,ocds-dgv273-seacev3-1238820,PE-CONSUCODE-1320,LP-ABR-15-2026-MDLM-1,2026-07-14T20:41:00-05:00
ocds-dgv273-seacev3-2026-10246-8,ocds-dgv273-seacev3-1236483,PE-CONSUCODE-10246,LP-ABR-22-2026-MD-CCFFAA-1,2026-07-15T16:26:00-05:00
ocds-dgv273-seacev3-1237661,ocds-dgv273-seacev3-1237753,PE-CONSUCODE-950,DIRECTA-DIRECTA-5-2026-MPHCO/DEC-1,2026-07-31T16:09:00-05:00
ocds-dgv273-seacev3-1231577,ocds-dgv273-seacev3-1235570,PE-CONSUCODE-1673,LP-ABR-2-2026-MDSA/OEC-1,2026-07-06T22:53:00-05:00
ocds-dgv273-seacev3-1235671,ocds-dgv273-seacev3-1239275,PE-CONSUCODE-1787,SIE-SIE-3-2026-MDNC/OC-1,2026-07-22T09:40:00-05:00
ocds-dgv273-seacev3-1237311,ocds-dgv273-seacev3-1239803,PE-CONSUCODE-1238,SIE-SIE-1-2026-MDO/DEC-1,2026-07-30T15:55:00-05:00
ocds-dgv273-seacev3-1235654,ocds-dgv273-seacev3-1238419,PE-CONSUCODE-203366,DIRECTA-DIRECTA-4-2026-HCM-1,2026-07-27T16:29:00-05:00
ocds-dgv273-seacev3-1232238,ocds-dgv273-seacev3-1234010,PE-CONSUCODE-1296,LP-ABR-1-2026-MDCH/CS-1,2026-07-09T21:20:00-05:00
ocds-dgv273-seacev3-1236997,ocds-dgv273-seacev3-1233216,PE-CONSUCODE-10009,CP-ABR-4-2026-CS/HBC-SBS-1,2026-07-13T12:48:00-05:00
ocds-dgv273-seacev3-1230891,ocds-dgv273-seacev3-1232699,PE-CONSUCODE-871,LP-ABR-1-2026-C/MDP-1,2026-07-03T23:21:00-05:00
ocds-dgv273-seacev3-1230548,ocds-dgv273-seacev3-1235146,PE-CONSUCODE-1820,LP-ABR-2-2026-MDSH/CS-1,2026-07-02T18:42:00-05:00
ocds-dgv273-seacev3-1233293,ocds-dgv273-seacev3-1235209,PE-CONSUCODE-1520,LP-ABR-7-2026-MPU-CS-1,2026-07-13T17:20:00-05:00
ocds-dgv273-seacev3-1236437,ocds-dgv273-seacev3-1237037,PE-CONSUCODE-1913,DIRECTA-DIRECTA-5-2026-UNASAM/C-1,2026-07-22T20:53:00-05:00
ocds-dgv273-seacev3-1232067,ocds-dgv273-seacev3-1233191,PE-CONSUCODE-819,COMPRE-COMPRE-8-2026-DEC-MDV/LC-1,2026-07-08T11:26:00-05:00
ocds-dgv273-seacev3-1231806,ocds-dgv273-seacev3-1234146,PE-CONSUCODE-1331,LP-ABR-12-2026-CS-MDPP-1,2026-07-07T18:47:00-05:00
ocds-dgv273-seacev3-1231543,ocds-dgv273-seacev3-1232042,PE-CONSUCODE-2543,LP-SM-52-2026-ESSALUD/CEABE-1-1,2026-07-06T21:16:00-05:00
ocds-dgv273-seacev3-1227795,ocds-dgv273-seacev3-1227810,PE-CONSUCODE-200547,LP-ABR-4-2026-DEC/GSRGSC-1,2026-07-07T16:03:00-05:00
ocds-dgv273-seacev3-1229174,ocds-dgv273-seacev3-1233787,PE-CONSUCODE-2439,LP-ABR-1-2026-SIMACH-1,2026-07-03T12:21:00-05:00
ocds-dgv273-seacev3-1234486,ocds-dgv273-seacev3-1235140,PE-CONSUCODE-1268,CP-ABR-1-2026-MDL-CS-1,2026-07-16T18:20:00-05:00
ocds-dgv273-seacev3-1230394,ocds-dgv273-seacev3-1232094,PE-CONSUCODE-325,COMPRE-COMPRE-2-2026-MDT/DEC-2,2026-07-02T11:18:00-05:00
ocds-dgv273-seacev3-1231759,ocds-dgv273-seacev3-1232134,PE-CONSUCODE-10248,CONV-PROC-1-2026-MGP/DIRCOMAR-1,2026-07-07T17:17:00-05:00
ocds-dgv273-seacev3-1229708,ocds-dgv273-seacev3-1231879,PE-CONSUCODE-1556,COMPRE-COMPRE-1-2026-HMPP/BIENES-1,2026-07-01T00:24:00-05:00
ocds-dgv273-seacev3-1230413,ocds-dgv273-seacev3-1233403,PE-CONSUCODE-10576,LP-ABR-3-2026-GRP/RSSR/OC-1,2026-07-09T23:57:00-05:00
ocds-dgv273-seacev3-1251524,ocds-dgv273-seacev3-1238446,PE-CONSUCODE-1979,LP-ABR-8-2026-INS-1,2026-08-04T19:12:00-05:00
ocds-dgv273-seacev3-1244392,ocds-dgv273-seacev3-1251354,PE-CONSUCODE-374,LP-ABR-41-2026-DEC -MDCH-1,2026-08-26T09:27:00-05:00
ocds-dgv273-seacev3-1250883,ocds-dgv273-seacev3-1243919,PE-CONSUCODE-195,LP-ABR-2-2026-MDP/CS-1,2026-08-25T16:17:00-05:00
ocds-dgv273-seacev3-1250152,ocds-dgv273-seacev3-1243801,PE-CONSUCODE-776,CP-ABR-5-2026-MDL/C-2,2026-08-24T10:35:00-05:00
ocds-dgv273-seacev3-1244711,ocds-dgv273-seacev3-1249842,PE-CONSUCODE-1708,CP-ABR-2-2026-MDP/CS-1,2026-08-28T20:16:00-05:00
ocds-dgv273-seacev3-1244951,ocds-dgv273-seacev3-1247072,PE-CONSUCODE-1886,LP-ABR-12-2026-UNALM-1-1,2026-08-27T15:26:00-05:00
ocds-dgv273-seacev3-2026-1921-51,ocds-dgv273-seacev3-1242469,PE-CONSUCODE-1921,CP-ABR-27-2026-OSINERGMIN-1,2026-08-05T20:24:00-05:00
ocds-dgv273-seacev3-1250481,ocds-dgv273-seacev3-1236047,PE-CONSUCODE-1850,LP-ABR-13-2026-CS/MPJB-1,2026-08-03T23:38:00-05:00
ocds-dgv273-seacev3-1238654,ocds-dgv273-seacev3-1248563,PE-CONSUCODE-10215,LP-SM-1-2026-HNDM-OC-1,2026-08-04T18:46:00-05:00
ocds-dgv273-seacev3-2026-6-51,ocds-dgv273-seacev3-1246106,PE-CONSUCODE-6,LP-ABR-11-2026-CR-1,2026-08-31T19:20:00-05:00
ocds-dgv273-seacev3-1243122,ocds-dgv273-seacev3-1250598,PE-CONSUCODE-879,LP-SM-1-2026-MDP/CS-1,2026-08-20T19:39:00-05:00
ocds-dgv273-seacev3-1244763,ocds-dgv273-seacev3-1245247,PE-CONSUCODE-749,LP-ABR-66-2026-C-MPC-1,2026-08-26T17:22:00-05:00
ocds-dgv273-seacev3-1242683,ocds-dgv273-seacev3-1251729,PE-CONSUCODE-773,LP-SM-2-2026-MPC-C-1,2026-08-25T18:54:00-05:00
ocds-dgv273-seacev3-1238871,ocds-dgv273-seacev3-1249448,PE-CONSUCODE-2376,LP-ABR-6-2026-SEMAPACH S.A.-1,2026-08-05T08:30:00-05:00
ocds-dgv273-seacev3-1238543,ocds-dgv273-seacev3-1238925,PE-CONSUCODE-1894,LP-SM-1-2026-UNT/C-1,2026-08-04T19:11:00-05:00
ocds-dgv273-seacev3-1245866,ocds-dgv273-seacev3-1238925,PE-CONSUCODE-1894,LP-SM-1-2026-UNT/C-1,2026-08-04T19:11:00-05:00
ocds-dgv273-seacev3-1244351,ocds-dgv273-seacev3-1246158,PE-CONSUCODE-207,LP-ABR-5-2026-MDC/CS-1,2026-08-25T19:09:00-05:00
ocds-dgv273-seacev3-1245231,ocds-dgv273-seacev3-1248696,PE-CONSUCODE-220,LP-ABR-2-2026-MDP/OC-1-1,2026-08-27T18:23:00-05:00
ocds-dgv273-seacev3-1251668,ocds-dgv273-seacev3-1238120,PE-CONSUCODE-10444,SIE-SIE-15-2026-HRDC-2,2026-08-03T14:52:00-05:00
ocds-dgv273-seacev3-1245652,ocds-dgv273-seacev3-2026-1316-13,PE-CONSUCODE-1316,LP-ABR-3-2026-C/MDC.-2,2026-08-28T18:15:00-05:00
ocds-dgv273-seacev3-1251584,ocds-dgv273-seacev3-1238653,PE-CONSUCODE-747,CP-ABR-14-2026-CS-MDV-1,2026-08-04T19:07:00-05:00
ocds-dgv273-seacev3-1242954,ocds-dgv273-seacev3-1250290,PE-CONSUCODE-1823,LP-SM-2-2026-MPT-1,2026-08-19T23:01:00-05:00
ocds-dgv273-seacev3-1251929,ocds-dgv273-seacev3-1250290,PE-CONSUCODE-1823,LP-SM-2-2026-MPT-1,2026-08-19T23:01:00-05:00
ocds-dgv273-seacev3-1244670,ocds-dgv273-seacev3-1245504,PE-CONSUCODE-593,DIRECTA-DIRECTA-3-2026-MPPSS-OC-1,2026-08-27T11:59:00-05:00
ocds-dgv273-seacev3-1238195,ocds-dgv273-seacev3-1248202,PE-CONSUCODE-1874,CP CON-SM-1-2026-MDY/C-1,2026-08-05T23:45:00-05:00
ocds-dgv273-seacev3-1249879,ocds-dgv273-seacev3-1245454,PE-CONSUCODE-955,LP-SM-2-2026-MDQ-CS-1,2026-08-28T16:59:00-05:00
ocds-dgv273-seacev3-1244819,ocds-dgv273-seacev3-1238642,PE-CONSUCODE-2543,LP-SM-1-2026-ESSALUD/RAPA-1,2026-08-04T17:36:00-05:00
ocds-dgv273-seacev3-1250406,ocds-dgv273-seacev3-1243198,PE-CONSUCODE-1630,LP-SM-1-2026-MDIE-CS-1,2026-08-20T18:41:00-05:00
ocds-dgv273-seacev3-1250497,ocds-dgv273-seacev3-1245176,PE-CONSUCODE-1039,LP-ABR-20-2026-MPCH-C-1,2026-08-27T16:29:00-05:00
ocds-dgv273-seacev3-1238085,ocds-dgv273-seacev3-1249847,PE-CONSUCODE-1895,LP-ABR-4-2026-UNTUMBES-OC-2,2026-08-03T15:36:00-05:00
ocds-dgv273-seacev3-1242116,ocds-dgv273-seacev3-1244755,PE-CONSUCODE-986,LP-ABR-2-2026-MDS/CS-1,2026-08-20T11:03:00-05:00
ocds-dgv273-seacev3-1244228,ocds-dgv273-seacev3-1245850,PE-CONSUCODE-1252,LP-SM-2-2026-MDS/ C-1,2026-08-28T19:16:00-05:00
ocds-dgv273-seacev3-1251762,ocds-dgv273-seacev3-1238595,PE-CONSUCODE-10448,COMPRE-COMPRE-3-2026-GERAGRI/DEC-1,2026-08-04T16:20:00-05:00
ocds-dgv273-seacev3-1248533,ocds-dgv273-seacev3-1242690,PE-CONSUCODE-506,LP-SM-1-2026-MDA/CS-1,2026-08-19T22:03:00-05:00
ocds-dgv273-seacev3-1251463,ocds-dgv273-seacev3-1241664,PE-CONSUCODE-656,LP-SM-1-2026-MDP/CS-1,2026-08-14T19:37:00-05:00
ocds-dgv273-seacev3-1245810,ocds-dgv273-seacev3-1248501,PE-CONSUCODE-886,CP-ABR-1-2026-MDCC/CS-1,2026-08-31T15:29:00-05:00
ocds-dgv273-seacev3-1248565,ocds-dgv273-seacev3-1238200,PE-CONSUCODE-1613,LP-SM-1-2026-MDCH-C-1,2026-08-04T23:24:00-05:00
ocds-dgv273-seacev3-1240599,ocds-dgv273-seacev3-1244533,PE-CONSUCODE-532,LP-ABR-2-2026-MDH/DEC-1,2026-08-12T19:05:00-05:00
ocds-dgv273-seacev3-1251121,ocds-dgv273-seacev3-1244359,PE-CONSUCODE-1179,LP-SM-1-2026-MDSRS-CS-1,2026-08-27T17:25:00-05:00
ocds-dgv273-seacev3-1239163,ocds-dgv273-seacev3-1245079,PE-CONSUCODE-1605,LP-ABR-1-2026-MDL/CS-1,2026-08-05T18:42:00-05:00
ocds-dgv273-seacev3-1240897,ocds-dgv273-seacev3-2026-1191-25,PE-CONSUCODE-1191,CP-ABR-14-2026-MPT/ODC-1,2026-08-12T19:50:00-05:00
ocds-dgv273-seacev3-1241784,ocds-dgv273-seacev3-2026-2408-141,PE-CONSUCODE-2408,LP-ABR-29-2026-ES-1,2026-08-07T16:35:00-05:00
ocds-dgv273-seacev3-1245426,ocds-dgv273-seacev3-1245114,PE-CONSUCODE-200231,CP CON-SM-3-2026-MINEM/DGER-1,2026-08-27T16:12:00-05:00
ocds-dgv273-seacev3-1246170,ocds-dgv273-seacev3-1251201,PE-CONSUCODE-1561,LP-ABR-4-2026-MDP-1,2026-08-31T23:55:00-05:00
ocds-dgv273-seacev3-1249763,ocds-dgv273-seacev3-1245091,PE-CONSUCODE-382,CP-ABR-3-2026-CS-MDP/GRAU.-1,2026-08-27T13:47:00-05:00
ocds-dgv273-seacev3-1240761,ocds-dgv273-seacev3-1246642,PE-CONSUCODE-200117,LP-ABR-13-2026-UEHAL-1,2026-08-13T16:44:00-05:00
ocds-dgv273-seacev3-1239360,ocds-dgv273-seacev3-1246804,PE-CONSUCODE-207,LP-SM-1-2026-MDC/C-1,2026-08-07T12:00:00-05:00
ocds-dgv273-seacev3-1238523,ocds-dgv273-seacev3-1240371,PE-CONSUCODE-754,CP-ABR-4-2026-COMITE/MDSS-1,2026-08-04T12:43:00-05:00
ocds-dgv273-seacev3-1242220,ocds-dgv273-seacev3-1249738,PE-CONSUCODE-34,LP-SM-7-2026-GRA--1,2026-08-18T15:27:00-05:00
ocds-dgv273-seacev3-1239174,ocds-dgv273-seacev3-1250261,PE-CONSUCODE-217,CP-ABR-18-2026-MDHS/CS-1,2026-08-05T18:34:00-05:00
ocds-dgv273-seacev3-1240923,ocds-dgv273-seacev3-1249342,PE-CONSUCODE-1402,LP-ABR-4-2026-EV/MDS-1,2026-08-12T19:30:00-05:00
ocds-dgv273-seacev3-1245220,ocds-dgv273-seacev3-1250738,PE-CONSUCODE-203086,LP-ABR-16-2026-HEVES-MINSA-1,2026-08-27T16:55:00-05:00
ocds-dgv273-seacev3-1250390,ocds-dgv273-seacev3-1238617,PE-CONSUCODE-726,LP-ABR-8-2026-MDC/C-1,2026-08-04T18:23:00-05:00
ocds-dgv273-seacev3-1245391,ocds-dgv273-seacev3-1248515,PE-CONSUCODE-91,LP-ABR-1-2026-MDC/CS-1,2026-08-27T23:17:00-05:00
ocds-dgv273-seacev3-1250302,ocds-dgv273-seacev3-1241754,PE-CONSUCODE-10610,LP-SM-1-2026-GRU-GGR-GTP-C-1,2026-08-17T00:17:00-05:00
ocds-dgv273-seacev3-1243251,ocds-dgv273-seacev3-1243459,PE-CONSUCODE-1213,LP-ABR-3-2026-MDM/ C-1,2026-08-10T10:44:00-05:00
ocds-dgv273-seacev3-1238893,ocds-dgv273-seacev3-1243459,PE-CONSUCODE-1213,LP-ABR-3-2026-MDM/ C-1,2026-08-10T10:44:00-05:00
ocds-dgv273-seacev3-1245717,ocds-dgv273-seacev3-1248790,PE-CONSUCODE-1789,LP-ABR-1-2026-MDP/CS-1,2026-08-28T15:54:00-05:00
ocds-dgv273-seacev3-1250079,ocds-dgv273-seacev3-1240894,PE-CONSUCODE-1875,CP-ABR-8-2026-MDCV-CS-1,2026-08-12T19:57:00-05:00
ocds-dgv273-seacev3-1249705,ocds-dgv273-seacev3-2026-2397-48,PE-CONSUCODE-2397,LP-ABR-18-2026-SAN GABAN S.A.-1,2026-08-27T16:22:00-05:00
ocds-dgv273-seacev3-1250794,ocds-dgv273-seacev3-1237960,PE-CONSUCODE-53,CP CON-SM-34-2026-GRU-GR-C-1,2026-08-03T18:15:00-05:00
ocds-dgv273-seacev3-1241546,ocds-dgv273-seacev3-1249598,PE-CONSUCODE-48,LP-ABR-7-2026-GRP-GRI-C-LPAO-1,2026-08-14T18:14:00-05:00
ocds-dgv273-seacev3-1240241,ocds-dgv273-seacev3-1240175,PE-CONSUCODE-291,LP-ABR-7-2026-MDM/CS-1,2026-08-11T07:47:00-05:00
ocds-dgv273-seacev3-1236088,ocds-dgv273-seacev3-1242882,PE-CONSUCODE-2346,CP-ABR-2-2026-DEC-EPSBARRANCA-1,2026-08-04T17:32:00-05:00
ocds-dgv273-seacev3-1249114,ocds-dgv273-seacev3-1240574,PE-CONSUCODE-1549,LP-ABR-4-2026-CE/MDP-1,2026-08-19T20:46:00-05:00
ocds-dgv273-seacev3-1242693,ocds-dgv273-seacev3-1242007,PE-CONSUCODE-20005,LP-ABR-5-2026-GRC-C-1,2026-08-17T18:16:00-05:00
ocds-dgv273-seacev3-1238819,ocds-dgv273-seacev3-1242331,PE-CONSUCODE-584,CP-ABR-3-2026-MDC/OEC-1,2026-08-05T13:28:00-05:00
ocds-dgv273-seacev3-1243371,ocds-dgv273-seacev3-1250741,PE-CONSUCODE-200051,LP-ABR-7-2026-HGJ-2,2026-08-21T10:59:00-05:00
ocds-dgv273-seacev3-1247864,ocds-dgv273-seacev3-1235648,PE-CONSUCODE-200278,CP SER-SM-1-2026-GSRCH/CS-1,2026-08-10T09:32:00-05:00
ocds-dgv273-seacev3-1243699,ocds-dgv273-seacev3-1246994,PE-CONSUCODE-870,LP-ABR-4-2026-MDP/C-1,2026-08-21T18:21:00-05:00
ocds-dgv273-seacev3-1239771,ocds-dgv273-seacev3-1247021,PE-CONSUCODE-10368,CP-ABR-1-2026-GRSM-PEAM/DEC-1,2026-08-07T23:39:00-05:00
ocds-dgv273-seacev3-1246285,ocds-dgv273-seacev3-1239355,PE-CONSUCODE-1293,LP-SM-1-2026-MDP/C-1,2026-08-11T23:08:00-05:00
ocds-dgv273-seacev3-1238335,ocds-dgv273-seacev3-1240954,PE-CONSUCODE-1167,LP-ABR-2-2026-CS/MDLU-1,2026-08-04T17:52:00-05:00
ocds-dgv273-seacev3-1238415,ocds-dgv273-seacev3-1249910,PE-CONSUCODE-10541,LP-ABR-1-2026-OEC/DRTC/MOQ-1,2026-08-04T09:08:00-05:00
ocds-dgv273-seacev3-1241295,ocds-dgv273-seacev3-1242003,PE-CONSUCODE-855,COMPRE-COMPRE-1-2026-MDO-2,2026-08-13T18:55:00-05:00
ocds-dgv273-seacev3-1245362,ocds-dgv273-seacev3-1246400,PE-CONSUCODE-809,LP-ABR-3-2026-MDP/C-1,2026-08-27T20:17:00-05:00
ocds-dgv273-seacev3-1242631,ocds-dgv273-seacev3-1250719,PE-CONSUCODE-1068,LP-ABR-22-2026-MPH/C-1,2026-08-24T11:22:00-05:00
ocds-dgv273-seacev3-1251076,ocds-dgv273-seacev3-1243518,PE-CONSUCODE-10046,LP-SM-1-2026-IRO/COMITE-1,2026-08-21T14:36:00-05:00
ocds-dgv273-seacev3-1250584,ocds-dgv273-seacev3-1242459,PE-CONSUCODE-2543,CP-ABR-4-2026-ESSALUD/RALL-1,2026-08-18T18:52:00-05:00
ocds-dgv273-seacev3-1240622,ocds-dgv273-seacev3-1243253,PE-CONSUCODE-201605,LP-ABR-2-2026-UESRDAC/COMITÉ-1,2026-08-12T07:40:00-05:00
ocds-dgv273-seacev3-1243359,ocds-dgv273-seacev3-1244978,PE-CONSUCODE-1679,COMPRE-COMPRE-4-2026-MDA/DEC-1,2026-08-26T00:03:00-05:00
ocds-dgv273-seacev3-1243187,ocds-dgv273-seacev3-1245191,PE-CONSUCODE-224,COMPRE-COMPRE-4-2026-MDSM/OEC-1,2026-08-20T16:29:00-05:00
ocds-dgv273-seacev3-1245628,ocds-dgv273-seacev3-1251263,PE-CONSUCODE-621,SIE-SIE-1-2026-MDLL/OC-1,2026-08-28T16:56:00-05:00
ocds-dgv273-seacev3-1251027,ocds-dgv273-seacev3-2026-1642-7,PE-CONSUCODE-1642,LP-ABR-19-2026-MPS/C-1,2026-08-05T19:39:00-05:00
ocds-dgv273-seacev3-1246100,ocds-dgv273-seacev3-1247637,PE-CONSUCODE-2009,LP-ABR-65-2026-GRAP/OC-1,2026-08-31T19:46:00-05:00
ocds-dgv273-seacev3-1243126,ocds-dgv273-seacev3-1242330,PE-CONSUCODE-201185,LP-SM-2-2026-CS-GSRC-1,2026-08-18T18:50:00-05:00
ocds-dgv273-seacev3-1250292,ocds-dgv273-seacev3-1241847,PE-CONSUCODE-10247,CP-ABR-13-2026-EP/UO 0750-1,2026-08-17T15:43:00-05:00
ocds-dgv273-seacev3-2026-2437-6,ocds-dgv273-seacev3-1247052,PE-CONSUCODE-2437,LP-ABR-2-2026-SERPOST S.A.-1,2026-08-27T15:35:00-05:00
ocds-dgv273-seacev3-1238252,ocds-dgv273-seacev3-1239957,PE-CONSUCODE-10195,LP-ABR-10-2026-INCN-1,2026-08-03T19:17:00-05:00
ocds-dgv273-seacev3-2026-809-16,ocds-dgv273-seacev3-1246389,PE-CONSUCODE-809,LP-ABR-4-2026-MDP/C-1,2026-08-26T20:35:00-05:00
ocds-dgv273-seacev3-1245756,ocds-dgv273-seacev3-1248469,PE-CONSUCODE-1662,LP-ABR-2-2026-MDV/CS-1,2026-08-31T14:13:00-05:00
ocds-dgv273-seacev3-1242463,ocds-dgv273-seacev3-1248468,PE-CONSUCODE-369,CP-ABR-26-2026-MPCT-1,2026-08-18T18:44:00-05:00
ocds-dgv273-seacev3-1246426,ocds-dgv273-seacev3-1238725,PE-CONSUCODE-203887,CP CON-SM-3-2026-PASLC-1,2026-08-05T21:00:00-05:00
ocds-dgv273-seacev3-1238350,ocds-dgv273-seacev3-1240195,PE-CONSUCODE-1745,LP-ABR-5-2026-MDA/C-1,2026-08-03T23:00:00-05:00
ocds-dgv273-seacev3-1244118,ocds-dgv273-seacev3-1244776,PE-CONSUCODE-918,CP-ABR-4-2026-CS/MDS-1,2026-08-24T23:14:00-05:00
ocds-dgv273-seacev3-2026-1982-10,ocds-dgv273-seacev3-1247787,PE-CONSUCODE-1982,CP-ABR-16-2026-IPD/CS-1,2026-08-12T22:24:00-05:00
ocds-dgv273-seacev3-1249579,ocds-dgv273-seacev3-1244086,PE-CONSUCODE-950,LP-ABR-18-2026-MPHCO/C-1,2026-08-24T23:59:00-05:00
ocds-dgv273-seacev3-1218760,ocds-dgv273-seacev3-1243247,PE-CONSUCODE-10247,LP-ABR-1-2026-EP/UO 0840-1,2026-08-18T04:15:00-05:00
ocds-dgv273-seacev3-1241842,ocds-dgv273-seacev3-2026-2418-55,PE-CONSUCODE-2418,CP SER-SM-4-2026-CORPAC S.A..-1,2026-08-14T18:00:00-05:00
ocds-dgv273-seacev3-1238743,ocds-dgv273-seacev3-1247907,PE-CONSUCODE-35,LP-ABR-29-2026-GRA-SEDECENTRAL-1,2026-08-04T19:30:00-05:00
ocds-dgv273-seacev3-1249068,ocds-dgv273-seacev3-1240656,PE-CONSUCODE-189,LP-ABR-14-2026-MPC/CS-1,2026-08-12T21:14:00-05:00
ocds-dgv273-seacev3-1241348,ocds-dgv273-seacev3-1243260,PE-CONSUCODE-369,LP-ABR-19-2026-MPCT-1,2026-08-13T19:23:00-05:00
ocds-dgv273-seacev3-1239235,ocds-dgv273-seacev3-1239756,PE-CONSUCODE-1684,SIE-SIE-5-2026-MDI/OC-1,2026-08-05T21:16:00-05:00
ocds-dgv273-seacev3-1244387,ocds-dgv273-seacev3-1247692,PE-CONSUCODE-204770,CP-ABR-4-2026-MDM/OC-1,2026-08-25T18:31:00-05:00
ocds-dgv273-seacev3-1241767,ocds-dgv273-seacev3-1246547,PE-CONSUCODE-166,LP-ABR-3-2026-MDLM/CS-1,2026-08-14T13:41:00-05:00
ocds-dgv273-seacev3-1241339,ocds-dgv273-seacev3-1246547,PE-CONSUCODE-166,LP-ABR-3-2026-MDLM/CS-1,2026-08-14T13:41:00-05:00
ocds-dgv273-seacev3-2026-705-33,ocds-dgv273-seacev3-1250145,PE-CONSUCODE-705,CP-ABR-11-2026-MDSJL/C-1,2026-08-05T09:09:00-05:00
ocds-dgv273-seacev3-1241125,ocds-dgv273-seacev3-1250201,PE-CONSUCODE-10249,LP-ABR-4-2026-SEMAG/FAP-2,2026-08-13T14:25:00-05:00
ocds-dgv273-seacev3-1244119,ocds-dgv273-seacev3-1244139,PE-CONSUCODE-10494,LP-ABR-2-2026-UGEL-ASCOPE-1,2026-08-24T22:54:00-05:00
ocds-dgv273-seacev3-1250176,ocds-dgv273-seacev3-1243855,PE-CONSUCODE-823,CP-ABR-11-2026-MPP-C-1,2026-08-24T14:12:00-05:00
ocds-dgv273-seacev3-1250241,ocds-dgv273-seacev3-1244736,PE-CONSUCODE-1921,CP SER-SM-25-2026-OSINERGMIN-1,2026-08-26T16:00:00-05:00
ocds-dgv273-seacev3-1238115,ocds-dgv273-seacev3-1244079,PE-CONSUCODE-10595,CP-ABR-11-2026-OGESS-BM/C-1,2026-08-03T18:34:00-05:00
ocds-dgv273-seacev3-1245423,ocds-dgv273-seacev3-2026-1900-15,PE-CONSUCODE-1900,AS-SM-5-2025-UNS-2,2026-08-20T16:57:00-05:00
ocds-dgv273-seacev3-1249028,ocds-dgv273-seacev3-1240645,PE-CONSUCODE-189,LP-ABR-13-2026-MPC/CS-1,2026-08-12T21:13:00-05:00
ocds-dgv273-seacev3-1242060,ocds-dgv273-seacev3-1244897,PE-CONSUCODE-1391,LP-ABR-14-2026-MPH/C-1,2026-08-17T18:37:00-05:00
ocds-dgv273-seacev3-1237754,ocds-dgv273-seacev3-1248496,PE-CONSUCODE-803,COMPRE-COMPRE-3-2026-MDQ/CH-1,2026-08-03T11:28:00-05:00
ocds-dgv273-seacev3-1245983,ocds-dgv273-seacev3-1247087,PE-CONSUCODE-1045,LP-ABR-4-2026-/CS-MDPN-1,2026-08-31T17:27:00-05:00
ocds-dgv273-seacev3-1245744,ocds-dgv273-seacev3-1248194,PE-CONSUCODE-1684,LP-ABR-3-2026-MDI/OC-2,2026-08-28T20:51:00-05:00
ocds-dgv273-seacev3-1243872,ocds-dgv273-seacev3-1248534,PE-CONSUCODE-1116,LP-ABR-11-2026-C/MDP-1,2026-08-24T22:17:00-05:00
ocds-dgv273-seacev3-1248567,ocds-dgv273-seacev3-1248942,PE-CONSUCODE-632,LP-ABR-5-2026-MDC/CS-1,2026-08-26T22:06:00-05:00
ocds-dgv273-seacev3-1244609,ocds-dgv273-seacev3-1248942,PE-CONSUCODE-632,LP-ABR-5-2026-MDC/CS-1,2026-08-26T22:06:00-05:00
ocds-dgv273-seacev3-1242506,ocds-dgv273-seacev3-1248091,PE-CONSUCODE-718,LP-ABR-6-2026-MDC/CS-1,2026-08-19T12:38:00-05:00
ocds-dgv273-seacev3-1243668,ocds-dgv273-seacev3-1249978,PE-CONSUCODE-10471,SIE-SIE-2-2026-DIRESA-ICA-OEC-1,2026-08-21T18:20:00-05:00
ocds-dgv273-seacev3-1241728,ocds-dgv273-seacev3-1241768,PE-CONSUCODE-166,LP-ABR-4-2026-MDLM/CS-1,2026-08-14T13:41:00-05:00
ocds-dgv273-seacev3-1243358,ocds-dgv273-seacev3-1245766,PE-CONSUCODE-256,CP-ABR-2-2026-MPP/CS-1,2026-08-20T23:40:00-05:00
ocds-dgv273-seacev3-1245313,ocds-dgv273-seacev3-1249992,PE-CONSUCODE-281,CP-ABR-1-2026-MDAU/CS-1,2026-08-27T19:27:00-05:00
ocds-dgv273-seacev3-1245131,ocds-dgv273-seacev3-1249788,PE-CONSUCODE-1020,LP-ABR-2-2026-MDP-CS-1,2026-08-28T19:29:00-05:00
ocds-dgv273-seacev3-1249756,ocds-dgv273-seacev3-1249788,PE-CONSUCODE-1020,LP-ABR-2-2026-MDP-CS-1,2026-08-28T19:29:00-05:00
ocds-dgv273-seacev3-2026-1752-3,ocds-dgv273-seacev3-1247786,PE-CONSUCODE-1752,LP-ABR-7-2026-MPM/CS-1,2026-08-28T20:54:00-05:00
ocds-dgv273-seacev3-1248600,ocds-dgv273-seacev3-2026-2409-54,PE-CONSUCODE-2409,LP-SM-9-2026-SEAL-1,2026-08-25T18:10:00-05:00
ocds-dgv273-seacev3-1246626,ocds-dgv273-seacev3-1245657,PE-CONSUCODE-1787,LP-SM-3-2026-CS-MDNC-1,2026-08-28T20:08:00-05:00
ocds-dgv273-seacev3-1243843,ocds-dgv273-seacev3-1247435,PE-CONSUCODE-1002,LP-ABR-2-2026-MPPI/OC-2,2026-08-24T13:05:00-05:00
ocds-dgv273-seacev3-1238512,ocds-dgv273-seacev3-1242926,PE-CONSUCODE-10373,CP-ABR-5-2026-GRA/GSRB/CS-1,2026-08-04T16:17:00-05:00
ocds-dgv273-seacev3-1238092,ocds-dgv273-seacev3-1239792,PE-CONSUCODE-951,LP-ABR-6-2026-MDA/CS-1,2026-08-03T18:44:00-05:00
ocds-dgv273-seacev3-1244484,ocds-dgv273-seacev3-1247541,PE-CONSUCODE-1161,LP-ABR-22-2026-CS/MDRN-1,2026-08-25T20:38:00-05:00
ocds-dgv273-seacev3-1241727,ocds-dgv273-seacev3-1248568,PE-CONSUCODE-13,CP CON-SM-1-2026-EF/43-1,2026-08-14T22:05:00-05:00
ocds-dgv273-seacev3-1245380,ocds-dgv273-seacev3-1246984,PE-CONSUCODE-1673,CP-ABR-6-2026-MDSA/C-1,2026-08-27T22:58:00-05:00
ocds-dgv273-seacev3-1243404,ocds-dgv273-seacev3-1248427,PE-CONSUCODE-710,LP-ABR-8-2026-MDLL/CS-1-1,2026-08-21T11:19:00-05:00
ocds-dgv273-seacev3-1242542,ocds-dgv273-seacev3-1246466,PE-CONSUCODE-1725,LP-ABR-2-2026-MDP/CS-1,2026-08-19T13:07:00-05:00
ocds-dgv273-seacev3-1245765,ocds-dgv273-seacev3-1246466,PE-CONSUCODE-1725,LP-ABR-2-2026-MDP/CS-1,2026-08-19T13:07:00-05:00
ocds-dgv273-seacev3-1240773,ocds-dgv273-seacev3-1240247,PE-CONSUCODE-10194,LP-SM-7-2026-INEN-1,2026-08-11T18:07:00-05:00
ocds-dgv273-seacev3-1239121,ocds-dgv273-seacev3-2026-200195-149,PE-CONSUCODE-200191,CP-ABR-32-2026-HDNA-1,2026-08-05T18:35:00-05:00
ocds-dgv273-seacev3-1245669,ocds-dgv273-seacev3-2026-2344-13,PE-CONSUCODE-2344,CP SER-SM-1-2026-EMAPA CAÑETE S.A.-1,2026-08-04T19:54:00-05:00
ocds-dgv273-seacev3-1239763,ocds-dgv273-seacev3-1243924,PE-CONSUCODE-646,LP-ABR-3-2026-MDG-1,2026-08-07T23:38:00-05:00
ocds-dgv273-seacev3-1245108,ocds-dgv273-seacev3-1248218,PE-CONSUCODE-373,LP-ABR-4-2026-MDM-1,2026-08-27T17:23:00-05:00
ocds-dgv273-seacev3-1241955,ocds-dgv273-seacev3-1243730,PE-CONSUCODE-324,LP-ABR-3-2026-MDSPC-1,2026-08-17T18:51:00-05:00
ocds-dgv273-seacev3-1241878,ocds-dgv273-seacev3-1243491,PE-CONSUCODE-280,LP-ABR-2-2026-MDA/CS-1,2026-08-17T21:38:00-05:00
ocds-dgv273-seacev3-1247428,ocds-dgv273-seacev3-1241534,PE-CONSUCODE-782,CP-ABR-4-2026-MDCH/COMITE-2,2026-08-14T14:25:00-05:00
ocds-dgv273-seacev3-1240632,ocds-dgv273-seacev3-1247135,PE-CONSUCODE-189,LP-ABR-12-2026-MPC/CS-1,2026-08-12T21:12:00-05:00
ocds-dgv273-seacev3-1245384,ocds-dgv273-seacev3-1248424,PE-CONSUCODE-220,CP-ABR-7-2026-MDP/C-1-1,2026-08-27T23:34:00-05:00
ocds-dgv273-seacev3-1240933,ocds-dgv273-seacev3-1244472,PE-CONSUCODE-1308,LP-ABR-6-2026-CS/MDA-1,2026-08-12T19:28:00-05:00
ocds-dgv273-seacev3-1241875,ocds-dgv273-seacev3-1237196,PE-CONSUCODE-201143,RES-PROC-23-2026-DPC/ACFFAA-1,2026-08-11T21:17:00-05:00
ocds-dgv273-seacev3-1249488,ocds-dgv273-seacev3-1238094,PE-CONSUCODE-623,LP-ABR-2-2026-MDM/CS-1,2026-08-03T23:25:00-05:00
ocds-dgv273-seacev3-1244920,ocds-dgv273-seacev3-1245022,PE-CONSUCODE-10461,SIE-SIE-8-2026-DRTC/OC-1,2026-08-26T19:21:00-05:00
ocds-dgv273-seacev3-1241373,ocds-dgv273-seacev3-1241797,PE-CONSUCODE-1687,LP-ABR-4-2026-MDU/CS-1,2026-08-13T23:14:00-05:00
ocds-dgv273-seacev3-1244303,ocds-dgv273-seacev3-1245947,PE-CONSUCODE-1798,LP-ABR-1-2026-MDP/OC-1,2026-08-25T17:16:00-05:00
ocds-dgv273-seacev3-1243021,ocds-dgv273-seacev3-1244896,PE-CONSUCODE-644,LP-ABR-1-2026-MDC-1,2026-08-20T15:52:00-05:00
ocds-dgv273-seacev3-1243782,ocds-dgv273-seacev3-1238156,PE-CONSUCODE-1498,LP-SM-1-2026-MDP/C-1,2026-08-03T23:07:00-05:00
ocds-dgv273-seacev3-1242737,ocds-dgv273-seacev3-1244777,PE-CONSUCODE-204386,SIE-SIE-4-2026-UE SALUD CAJAMARCA-1,2026-08-19T16:28:00-05:00
ocds-dgv273-seacev3-1245610,ocds-dgv273-seacev3-1240439,PE-CONSUCODE-1096,CP-ABR-3-2026-CS/MPC-1,2026-08-11T18:46:00-05:00
ocds-dgv273-seacev3-1243620,ocds-dgv273-seacev3-2026-2364-22,PE-CONSUCODE-2364,LP-SM-5-2026-SEDACUSCO S.A.-1,2026-08-12T18:00:00-05:00
ocds-dgv273-seacev3-1242292,ocds-dgv273-seacev3-1243941,PE-CONSUCODE-1892,CP-ABR-3-2026-UNAP-1,2026-08-18T17:03:00-05:00
ocds-dgv273-seacev3-1238147,ocds-dgv273-seacev3-1240892,PE-CONSUCODE-10195,LP-ABR-9-2026-INCN-1,2026-08-03T20:49:00-05:00
ocds-dgv273-seacev3-1244128,ocds-dgv273-seacev3-1244506,PE-CONSUCODE-152,LP-ABR-2-2026-MDC-1,2026-08-17T20:09:00-05:00
ocds-dgv273-seacev3-1241859,ocds-dgv273-seacev3-1244506,PE-CONSUCODE-152,LP-ABR-2-2026-MDC-1,2026-08-17T20:09:00-05:00
ocds-dgv273-seacev3-1241423,ocds-dgv273-seacev3-1245443,PE-CONSUCODE-989,LP-ABR-6-2026-MDDAR/C-1,2026-08-17T23:03:00-05:00
ocds-dgv273-seacev3-1245261,ocds-dgv273-seacev3-1247623,PE-CONSUCODE-200262,COMPRE-COMPRE-4-2026-HAPCSR II-2-1,2026-08-27T17:47:00-05:00
ocds-dgv273-seacev3-1242793,ocds-dgv273-seacev3-1244717,PE-CONSUCODE-10179,CP-ABR-1-2026-CS/UGEL 14 OYON-1,2026-08-20T10:03:00-05:00
ocds-dgv273-seacev3-1239476,ocds-dgv273-seacev3-1243953,PE-CONSUCODE-10618,LP-ABR-3-2026-GRU-HRP-C-1,2026-08-07T17:29:00-05:00
ocds-dgv273-seacev3-1242313,ocds-dgv273-seacev3-1245153,PE-CONSUCODE-218,LP-ABR-4-2026-MDHR/CS-1,2026-08-18T20:55:00-05:00
ocds-dgv273-seacev3-1239442,ocds-dgv273-seacev3-1244895,PE-CONSUCODE-1972,LP-ABR-27-2026-2016-INIA-1,2026-08-07T12:49:00-05:00
ocds-dgv273-seacev3-1242807,ocds-dgv273-seacev3-1246576,PE-CONSUCODE-1320,CP-ABR-17-2026-MDLM-1,2026-08-19T18:07:00-05:00
ocds-dgv273-seacev3-1242724,ocds-dgv273-seacev3-1245403,PE-CONSUCODE-2384,DIRECTA-DIRECTA-5-2026-SEDAPAR-1,2026-08-19T15:37:00-05:00
ocds-dgv273-seacev3-2026-2543-897,ocds-dgv273-seacev3-1243121,PE-CONSUCODE-2543,CP-ABR-1-2025-ESSALUDREDTACNA-1,2026-08-19T17:33:00-05:00
ocds-dgv273-seacev3-1238635,ocds-dgv273-seacev3-1241909,PE-CONSUCODE-1708,CP-ABR-1-2026-MDP/CS-2,2026-08-04T18:08:00-05:00
ocds-dgv273-seacev3-1240387,ocds-dgv273-seacev3-1246114,PE-CONSUCODE-287,LP-ABR-9-2026-MDSJ/C-1,2026-08-11T16:29:00-05:00
ocds-dgv273-seacev3-1237264,ocds-dgv273-seacev3-1246677,PE-CONSUCODE-687,LP-ABR-9-2026-MDH/CS-1,2026-08-04T21:51:00-05:00
ocds-dgv273-seacev3-1239869,ocds-dgv273-seacev3-1239567,PE-CONSUCODE-10564,CP SER-SM-1-2026-PRORRIDRE/DEC-1,2026-08-07T16:02:00-05:00
ocds-dgv273-seacev3-1238346,ocds-dgv273-seacev3-1240611,PE-CONSUCODE-203146,CP-ABR-1-2026-MDR/CS-1,2026-08-03T23:43:00-05:00
ocds-dgv273-seacev3-1237335,ocds-dgv273-seacev3-1240146,PE-CONSUCODE-805,CP-ABR-48-2026-MPE-OC-1,2026-08-03T21:22:00-05:00
ocds-dgv273-seacev3-1241891,ocds-dgv273-seacev3-1247643,PE-CONSUCODE-10554,CP-ABR-10-2026-GRP-DRTYC-C.S-1,2026-08-17T15:39:00-05:00
ocds-dgv273-seacev3-1240948,ocds-dgv273-seacev3-1244486,PE-CONSUCODE-1308,LP-ABR-11-2026-CS/MDA-1,2026-08-12T21:15:00-05:00
ocds-dgv273-seacev3-1243905,ocds-dgv273-seacev3-1248947,PE-CONSUCODE-200161,LP-SM-1-2026-MDTMC-1,2026-08-26T11:16:00-05:00
ocds-dgv273-seacev3-1242529,ocds-dgv273-seacev3-1246498,PE-CONSUCODE-995,CP-ABR-15-2026-MPM/C-1,2026-08-18T20:36:00-05:00
ocds-dgv273-seacev3-1239379,ocds-dgv273-seacev3-1239057,PE-CONSUCODE-200018,CP CON-SM-2-2026-PRODUCE-1,2026-08-05T16:17:00-05:00
ocds-dgv273-seacev3-1247206,ocds-dgv273-seacev3-1240453,PE-CONSUCODE-200382,LP-ABR-20-2026-UNAB-1,2026-08-14T16:32:00-05:00
ocds-dgv273-seacev3-1245290,ocds-dgv273-seacev3-1247866,PE-CONSUCODE-200405,LP-ABR-8-2026-LPA-MDC-CS-1,2026-08-27T20:52:00-05:00
ocds-dgv273-seacev3-1241173,ocds-dgv273-seacev3-1244348,PE-CONSUCODE-200082,SIE-SIE-2-2026-ZAC-UE.003/MC-1,2026-08-17T17:35:00-05:00
ocds-dgv273-seacev3-1244508,ocds-dgv273-seacev3-1246168,PE-CONSUCODE-1673,LP-ABR-5-2026-MDSA/C-1,2026-08-25T23:44:00-05:00
ocds-dgv273-seacev3-1238389,ocds-dgv273-seacev3-1246162,PE-CONSUCODE-1564,CP-ABR-3-2026-MDSB/SERV-CS-1,2026-08-04T16:35:00-05:00
ocds-dgv273-seacev3-1247653,ocds-dgv273-seacev3-1243638,PE-CONSUCODE-2386,LP-ABR-8-2026-SEDACHIMBOTE S.A.-1,2026-08-21T18:02:00-05:00
ocds-dgv273-seacev3-1241274,ocds-dgv273-seacev3-1245329,PE-CONSUCODE-1248,LP-ABR-2-2026-MDM-1,2026-08-14T17:02:00-05:00
ocds-dgv273-seacev3-1241166,ocds-dgv273-seacev3-1241769,PE-CONSUCODE-166,LP-ABR-2-2026-MDLM/CS-1,2026-08-14T13:40:00-05:00
ocds-dgv273-seacev3-1242915,ocds-dgv273-seacev3-1245762,PE-CONSUCODE-10461,COMPRE-COMPRE-3-2026-DRTC/OC-1,2026-08-19T20:42:00-05:00
ocds-dgv273-seacev3-1244438,ocds-dgv273-seacev3-1246357,PE-CONSUCODE-200085,LP-ABR-3-2026-MDA/C-1,2026-08-26T19:38:00-05:00
ocds-dgv273-seacev3-1244202,ocds-dgv273-seacev3-1245805,PE-CONSUCODE-1306,LP-ABR-2-2026-MDT/CS-1,2026-08-25T17:04:00-05:00
ocds-dgv273-seacev3-1240653,ocds-dgv273-seacev3-1243068,PE-CONSUCODE-537,COMPRE-COMPRE-1-2026-MPH/OC-1,2026-08-12T11:25:00-05:00
ocds-dgv273-seacev3-2026-1887-17,ocds-dgv273-seacev3-1244138,PE-CONSUCODE-1887,LP-ABR-15-2026-UNAS-1,2026-08-21T17:15:00-05:00
ocds-dgv273-seacev3-1242194,ocds-dgv273-seacev3-1242554,PE-CONSUCODE-87,LP-ABR-1-2026-MDS/CS-1,2026-08-19T00:06:00-05:00
ocds-dgv273-seacev3-1238139,ocds-dgv273-seacev3-1238729,PE-CONSUCODE-20002,LP-ABR-28-2026-HRA/OC-2,2026-08-03T15:06:00-05:00
ocds-dgv273-seacev3-1240155,ocds-dgv273-seacev3-1243252,PE-CONSUCODE-1168,LP-ABR-5-2026-MDP-1,2026-08-10T22:22:00-05:00
ocds-dgv273-seacev3-1238625,ocds-dgv273-seacev3-1243612,PE-CONSUCODE-2361,CP-ABR-1-2026-EMAPAB/CS-1,2026-08-04T20:56:00-05:00
ocds-dgv273-seacev3-2026-2362-3,ocds-dgv273-seacev3-1245289,PE-CONSUCODE-2362,LP-ABR-5-2026-EMSAPUNO S.A.-1,2026-08-07T17:38:00-05:00
ocds-dgv273-seacev3-1238719,ocds-dgv273-seacev3-1239132,PE-CONSUCODE-200198,CP-ABR-17-2026-UNAJMA-1,2026-08-04T18:06:00-05:00
ocds-dgv273-seacev3-1239970,ocds-dgv273-seacev3-1241119,PE-CONSUCODE-1213,COMPRE-COMPRE-2-2026-MDM/OC-1-1,2026-08-12T17:32:00-05:00
ocds-dgv273-seacev3-1239196,ocds-dgv273-seacev3-1239569,PE-CONSUCODE-820,SIE-SIE-29-2026-OC-MDQ/LC-1,2026-08-05T19:28:00-05:00
ocds-dgv273-seacev3-1240612,ocds-dgv273-seacev3-1245198,PE-CONSUCODE-291,LP-ABR-4-2026-MDM/CE-1,2026-08-12T23:07:00-05:00
ocds-dgv273-seacev3-1240490,ocds-dgv273-seacev3-1240508,PE-CONSUCODE-1986,CP-ABR-5-2026-PATPAL-FBB/MML-2,2026-08-11T19:20:00-05:00
ocds-dgv273-seacev3-1247367,ocds-dgv273-seacev3-1242310,PE-CONSUCODE-211,CP-ABR-10-2026-MPHI/C-1-1,2026-08-19T19:07:00-05:00
ocds-dgv273-seacev3-1246863,ocds-dgv273-seacev3-1240085,PE-CONSUCODE-1650,LP-ABR-2-2026-MDA/CS-1,2026-08-11T03:08:00-05:00
ocds-dgv273-seacev3-1245410,ocds-dgv273-seacev3-1246928,PE-CONSUCODE-10391,COMPRE-COMPRE-2-2026-UGEL/HUARI/OEC-1,2026-08-27T23:53:00-05:00
ocds-dgv273-seacev3-1246926,ocds-dgv273-seacev3-1246928,PE-CONSUCODE-10391,COMPRE-COMPRE-2-2026-UGEL/HUARI/OEC-1,2026-08-27T23:53:00-05:00
ocds-dgv273-seacev3-1238628,ocds-dgv273-seacev3-1242443,PE-CONSUCODE-1054,LP-ABR-9-2026-MDVA/C-1,2026-08-04T17:54:00-05:00
ocds-dgv273-seacev3-1240301,ocds-dgv273-seacev3-1246094,PE-CONSUCODE-287,LP-ABR-7-2026-MDSJ/C-1,2026-08-11T16:29:00-05:00
ocds-dgv273-seacev3-1241104,ocds-dgv273-seacev3-1241887,PE-CONSUCODE-679,LP-ABR-6-2026-MDQ/C-1,2026-08-13T19:11:00-05:00
ocds-dgv273-seacev3-1242054,ocds-dgv273-seacev3-1246925,PE-CONSUCODE-10549,CP-ABR-9-2026-OC/HDAC-PASCO-1,2026-08-17T18:57:00-05:00
ocds-dgv273-seacev3-2026-1348-3,ocds-dgv273-seacev3-1243886,PE-CONSUCODE-1348,SIE-SIE-7-2026-OEC/MVES-1,2026-08-14T18:20:00-05:00
ocds-dgv273-seacev3-1246115,ocds-dgv273-seacev3-1240357,PE-CONSUCODE-287,LP-ABR-8-2026-MDSJ/C-1,2026-08-11T16:29:00-05:00
ocds-dgv273-seacev3-1240566,ocds-dgv273-seacev3-1245041,PE-CONSUCODE-1549,LP-ABR-3-2026-CEP/MDVP-1,2026-08-17T19:01:00-05:00
ocds-dgv273-seacev3-1239871,ocds-dgv273-seacev3-1243367,PE-CONSUCODE-15,CP-ABR-7-2026-MINEM-2,2026-08-10T13:05:00-05:00
ocds-dgv273-seacev3-1245038,ocds-dgv273-seacev3-1239737,PE-CONSUCODE-1583,CP-ABR-3-2026-CS-MDP-I-1,2026-08-19T23:49:00-05:00
ocds-dgv273-seacev3-1240974,ocds-dgv273-seacev3-1242881,PE-CONSUCODE-948,CP-ABR-2-2026-MDSMM/CS-1,2026-08-12T20:55:00-05:00
ocds-dgv273-seacev3-1238423,ocds-dgv273-seacev3-1239253,PE-CONSUCODE-203306,COMPRE-COMPRE-50-2026-MDM/OEC-1,2026-08-04T12:14:00-05:00
ocds-dgv273-seacev3-1246192,ocds-dgv273-seacev3-1239085,PE-CONSUCODE-531,SIE-SIE-1-2026-MDH/DEC-1,2026-08-05T19:41:00-05:00
ocds-dgv273-seacev3-1239918,ocds-dgv273-seacev3-1242422,PE-CONSUCODE-883,LP-ABR-11-2026-MDA/C-1,2026-08-11T20:19:00-05:00
ocds-dgv273-seacev3-1240126,ocds-dgv273-seacev3-1241888,PE-CONSUCODE-679,LP-ABR-5-2026-MDQ/CS-1,2026-08-11T18:53:00-05:00
ocds-dgv273-seacev3-1244812,ocds-dgv273-seacev3-1238504,PE-CONSUCODE-1060,LP-ABR-12-2026-C-MPP-1,2026-08-14T12:18:00-05:00
ocds-dgv273-seacev3-2026-1880-6,ocds-dgv273-seacev3-1244102,PE-CONSUCODE-1880,LP-ABR-3-2026-MDY-C-1,2026-08-17T21:23:00-05:00
ocds-dgv273-seacev3-1245422,ocds-dgv273-seacev3-1243173,PE-CONSUCODE-1232,COMPRE-COMPRE-1-2026-MPP/OEC-1,2026-08-27T17:09:00-05:00
ocds-dgv273-seacev3-1238268,ocds-dgv273-seacev3-1240717,PE-CONSUCODE-546,LP-ABR-3-2026-MDASF/C-1,2026-08-03T23:15:00-05:00
ocds-dgv273-seacev3-1241719,ocds-dgv273-seacev3-1244712,PE-CONSUCODE-615,LP-ABR-2-2026-MDA/CS-1,2026-08-17T19:16:00-05:00
ocds-dgv273-seacev3-1239065,ocds-dgv273-seacev3-1240782,PE-CONSUCODE-1214,LP-ABR-3-2026-MDS-1,2026-08-05T23:49:00-05:00
ocds-dgv273-seacev3-1238723,ocds-dgv273-seacev3-1240517,PE-CONSUCODE-369,COMPRE-COMPRE-14-2026-MPCT-4,2026-08-04T18:11:00-05:00
ocds-dgv273-seacev3-1237910,ocds-dgv273-seacev3-1244464,PE-CONSUCODE-41,LP-ABR-38-2026-GRJ-1,2026-08-03T23:38:00-05:00
ocds-dgv273-seacev3-1238884,ocds-dgv273-seacev3-1240521,PE-CONSUCODE-1908,CONV-PROC-24-2026-UNSA-1,2026-08-05T10:42:00-05:00
ocds-dgv273-seacev3-1241269,ocds-dgv273-seacev3-1243036,PE-CONSUCODE-1886,CONV-PROC-14-2026-UNALM-1,2026-08-13T18:19:00-05:00
ocds-dgv273-seacev3-1239272,ocds-dgv273-seacev3-1239754,PE-CONSUCODE-1684,COMPRE-COMPRE-9-2026-MDI/OC-1,2026-08-05T22:41:00-05:00
ocds-dgv273-seacev3-1239287,ocds-dgv273-seacev3-1239755,PE-CONSUCODE-1684,COMPRE-COMPRE-8-2026-MDI/OC-1,2026-08-05T21:52:00-05:00
ocds-dgv273-seacev3-1239304,ocds-dgv273-seacev3-1239773,PE-CONSUCODE-1684,COMPRE-COMPRE-10-2026-MDI/OC-1,2026-08-05T23:25:00-05:00
ocds-dgv273-seacev3-1240378,ocds-dgv273-seacev3-1242575,PE-CONSUCODE-1837,LP-ABR-2-2026-MDP-2,2026-08-11T16:19:00-05:00
ocds-dgv273-seacev3-1238247,ocds-dgv273-seacev3-1243781,PE-CONSUCODE-1498,LP-ABR-10-2026-MDP/C-1,2026-08-03T23:57:00-05:00
ocds-dgv273-seacev3-1238865,ocds-dgv273-seacev3-1240278,PE-CONSUCODE-1337,COMPRE-COMPRE-17-2026-DEC/MSI-1,2026-08-04T22:45:00-05:00
ocds-dgv273-seacev3-1241341,ocds-dgv273-seacev3-1239623,PE-CONSUCODE-1608,DIRECTA-DIRECTA-1-2026-MDSMF/DEC-1,2026-08-07T18:04:00-05:00
ocds-dgv273-seacev3-1251320,ocds-dgv273-seacev3-1251140,PE-CONSUCODE-10478,LP-ABR-2-2026-GRJ-DRA/C-1,2026-09-17T20:05:00-05:00
ocds-dgv273-seacev3-1250874,ocds-dgv273-seacev3-1248581,PE-CONSUCODE-203,CP-ABR-1-2026-MDY/C-1,2026-09-15T22:42:00-05:00
ocds-dgv273-seacev3-1250872,ocds-dgv273-seacev3-1250420,PE-CONSUCODE-203,CP-ABR-2-2026-MDY/C-1,2026-09-15T22:42:00-05:00
ocds-dgv273-seacev3-1250441,ocds-dgv273-seacev3-1250862,PE-CONSUCODE-203,CP-ABR-3-2026-MDY/C-1,2026-09-15T22:42:00-05:00
ocds-dgv273-seacev3-1250449,ocds-dgv273-seacev3-1250858,PE-CONSUCODE-203,CP-ABR-4-2026-MDY/C-1,2026-09-15T22:43:00-05:00
ocds-dgv273-seacev3-1250460,ocds-dgv273-seacev3-1250854,PE-CONSUCODE-203,CP-ABR-5-2026-MDY/C-1,2026-09-15T22:43:00-05:00
ocds-dgv273-seacev3-1250849,ocds-dgv273-seacev3-1250432,PE-CONSUCODE-203,CP-ABR-6-2026-MDY/C-1,2026-09-15T22:43:00-05:00
ocds-dgv273-seacev3-1250847,ocds-dgv273-seacev3-1250472,PE-CONSUCODE-203,CP-ABR-7-2026-MDY/C-1,2026-09-15T23:09:00-05:00
ocds-dgv273-seacev3-1250474,ocds-dgv273-seacev3-1250846,PE-CONSUCODE-203,CP-ABR-8-2026-MDY/C-1,2026-09-15T23:09:00-05:00
ocds-dgv273-seacev3-1250117,ocds-dgv273-seacev3-1250635,PE-CONSUCODE-203086,LP-SM-3-2026-HEVES-MINSA-1,2026-09-15T14:48:00-05:00
